路由	仓库	路由定义	组件文件
/	scm-vue-all-agreement	scm-vue-all-agreement/src/router/index.js:9	scm-vue-all-agreement/src/views/Home.vue
/agreementApproval/agreementApprovalList	scm-vue-all-agreement	scm-vue-all-agreement/src/router/index.js:116	scm-vue-all-agreement/src/views/agreementApproval/agreementApprovalList/list.vue
/agreementApproval/approval/:protocolId?	scm-vue-all-agreement	scm-vue-all-agreement/src/router/index.js:128	scm-vue-all-agreement/src/views/agreementApproval/approvalDetail/index.vue
/agreementApproval/approvalDetail/:protocolId?	scm-vue-all-agreement	scm-vue-all-agreement/src/router/index.js:134	scm-vue-all-agreement/src/views/agreementApproval/approvalView/index.vue
/agreementApproval/distributorApprovalList	scm-vue-all-agreement	scm-vue-all-agreement/src/router/index.js:122	scm-vue-all-agreement/src/views/agreementApproval/distributorApprovalList/list.vue
/listingCompile/compileAgreementListing	scm-vue-all-agreement	scm-vue-all-agreement/src/router/index.js:53	scm-vue-all-agreement/src/views/agreementMgmt/listingCompile/agreementListing/list.vue
/listingCompile/compileAgreementListing/compile/:protocolId	scm-vue-all-agreement	scm-vue-all-agreement/src/router/index.js:59	scm-vue-all-agreement/src/views/agreementMgmt/listingCompile/compileAgreement/compile.vue
/listingCompile/compileAgreementListing/viewDetail/:protocolId	scm-vue-all-agreement	scm-vue-all-agreement/src/router/index.js:65	scm-vue-all-agreement/src/views/agreementMgmt/listingCompile/viewDetail/detail.vue
/listingCreate/agreementList	scm-vue-all-agreement	scm-vue-all-agreement/src/router/index.js:16	scm-vue-all-agreement/src/views/agreementMgmt/listingCreate/agreementList/index.vue
/listingCreate/compilePage/:id?	scm-vue-all-agreement	scm-vue-all-agreement/src/router/index.js:22	scm-vue-all-agreement/src/views/agreementMgmt/listingCreate/compilePage/compile.vue
/listingCreate/materialConfirm	scm-vue-all-agreement	scm-vue-all-agreement/src/router/index.js:28	scm-vue-all-agreement/src/views/agreementMgmt/listingCreate/materialConfirm/materialLists.vue
/listingCreate/materialConfirm/:protocolId?	scm-vue-all-agreement	scm-vue-all-agreement/src/router/index.js:34	scm-vue-all-agreement/src/views/agreementMgmt/listingCreate/compilePage/materialConfirm.vue
/listingCreate/materialConfirm/costAgt/:protocolId	scm-vue-all-agreement	scm-vue-all-agreement/src/router/index.js:40	scm-vue-all-agreement/src/views/agreementMgmt/listingCreate/incMaterialDistribution/costAgt.vue
/listingCreate/materialConfirm/countAgt/:protocolId?	scm-vue-all-agreement	scm-vue-all-agreement/src/router/index.js:46	scm-vue-all-agreement/src/views/agreementMgmt/listingCreate/incMaterialDistribution/countAgt.vue
/listingMaint/DTAgreementMaint	scm-vue-all-agreement	scm-vue-all-agreement/src/router/index.js:79	scm-vue-all-agreement/src/views/agreementMgmt/listingMaint/DTAgreementMaint/list.vue
/listingMaint/agreementInfo/:protocolId	scm-vue-all-agreement	scm-vue-all-agreement/src/router/index.js:109	scm-vue-all-agreement/src/views/agreementMgmt/listingMaint/agreementInfo/detail.vue
/listingMaint/agreementMaint	scm-vue-all-agreement	scm-vue-all-agreement/src/router/index.js:73	scm-vue-all-agreement/src/views/agreementMgmt/listingMaint/agreementMaint/list.vue
/listingMaint/editAgreement/:protocolId	scm-vue-all-agreement	scm-vue-all-agreement/src/router/index.js:85	scm-vue-all-agreement/src/views/agreementMgmt/listingMaint/editAgreement/edit.vue
/listingMaint/materialAlteration/:protocolId	scm-vue-all-agreement	scm-vue-all-agreement/src/router/index.js:91	scm-vue-all-agreement/src/views/agreementMgmt/listingMaint/materialAlteration/alterationInfo.vue
/listingMaint/materialPricing/:protocolId	scm-vue-all-agreement	scm-vue-all-agreement/src/router/index.js:97	scm-vue-all-agreement/src/views/agreementMgmt/listingMaint/materialPricing/pricingInfo.vue
/listingMaint/postpone/:protocolId	scm-vue-all-agreement	scm-vue-all-agreement/src/router/index.js:103	scm-vue-all-agreement/src/views/agreementMgmt/listingMaint/postpone/index.vue
/	scm-vue-all-app	scm-vue-all-app/src/router/index.js:11	scm-vue-all-app/src/views/home/index.vue
/approveMgt/enrollManage	scm-vue-all-app	scm-vue-all-app/src/router/index.js:106	scm-vue-all-app/src/views/approveMgt/enrollManage/index.vue
/approveMgt/enrollManage/detail	scm-vue-all-app	scm-vue-all-app/src/router/index.js:116	scm-vue-all-app/src/views/approveMgt/enrollManage/detail.vue
/approveMgt/extensionApproval	scm-vue-all-app	scm-vue-all-app/src/router/index.js:96	scm-vue-all-app/src/views/approveMgt/extensionApproval/index.vue
/approveMgt/extensionApproval	scm-vue-all-app	scm-vue-all-app/src/router/index.js:126	scm-vue-all-app/src/views/approveMgt/extensionApproval/index.vue
/approveMgt/extensionApprovalDetail	scm-vue-all-app	scm-vue-all-app/src/router/index.js:136	scm-vue-all-app/src/views/approveMgt/extensionApproval/detail.vue
/approveMgt/purchaseSchemeApproval	scm-vue-all-app	scm-vue-all-app/src/router/index.js:76	scm-vue-all-app/src/views/approveMgt/purchaseSchemeApproval.vue
/approveMgt/purchaseSchemeApprovalDetail	scm-vue-all-app	scm-vue-all-app/src/router/index.js:86	scm-vue-all-app/src/views/approveMgt/purchaseSchemeApprovalDetail.vue
/dynamicPage/:id	scm-vue-all-app	scm-vue-all-app/src/router/index.js:181	scm-vue-all-app/src/views/dynamicPage/index.vue
/dynamicPage/applyClose/detail	scm-vue-all-app	scm-vue-all-app/src/router/index.js:221	scm-vue-all-app/src/views/approveMgt/noticeDetail.vue
/dynamicPage/black/detail	scm-vue-all-app	scm-vue-all-app/src/router/index.js:283	scm-vue-all-app/src/views/enterprise/blackDetail.vue
/dynamicPage/calibrationScheme/detail	scm-vue-all-app	scm-vue-all-app/src/router/index.js:188	scm-vue-all-app/src/views/approveMgt/calibrationSchemeDetail.vue
/dynamicPage/changeBasic/detail	scm-vue-all-app	scm-vue-all-app/src/router/index.js:256	scm-vue-all-app/src/views/enterprise/changeBasicDetail.vue
/dynamicPage/changeBasic/diffInfoListDetail	scm-vue-all-app	scm-vue-all-app/src/router/index.js:265	scm-vue-all-app/src/views/enterprise/changeBasicDiffInfoListDetail.vue
/dynamicPage/changeProduct/detail	scm-vue-all-app	scm-vue-all-app/src/router/index.js:274	scm-vue-all-app/src/views/enterprise/changeProductDetail.vue
/dynamicPage/clarifyNotice/detail	scm-vue-all-app	scm-vue-all-app/src/router/index.js:212	scm-vue-all-app/src/views/approveMgt/clarifyNoticeDetai.vue
/dynamicPage/expertExtraction/detail	scm-vue-all-app	scm-vue-all-app/src/router/index.js:204	scm-vue-all-app/src/views/approveMgt/expertExtractionDetail.vue
/dynamicPage/increased/detail	scm-vue-all-app	scm-vue-all-app/src/router/index.js:238	scm-vue-all-app/src/views/dynamicPage/increasedDetail.vue
/dynamicPage/supplierAccess/detail	scm-vue-all-app	scm-vue-all-app/src/router/index.js:247	scm-vue-all-app/src/views/enterprise/suppeNetworkDetail.vue
/dynamicPage/supplierFreeze/detail	scm-vue-all-app	scm-vue-all-app/src/router/index.js:292	scm-vue-all-app/src/views/enterprise/supplierFreezeDetail.vue
/dynamicPage/supplierShort/detail	scm-vue-all-app	scm-vue-all-app/src/router/index.js:196	scm-vue-all-app/src/views/approveMgt/supplierShortDetail.vue
/dynamicPage/supplierThaw/detail	scm-vue-all-app	scm-vue-all-app/src/router/index.js:301	scm-vue-all-app/src/views/enterprise/supplierThawDetail.vue
/forcePassword	scm-vue-all-app	scm-vue-all-app/src/router/index.js:49	scm-vue-all-app/src/views/workbench/forcePassword.vue
/home/business	scm-vue-all-app	scm-vue-all-app/src/router/index.js:29	scm-vue-all-app/src/views/home/business.vue
/home/home	scm-vue-all-app	scm-vue-all-app/src/router/index.js:20	scm-vue-all-app/src/views/home/home.vue
/login	scm-vue-all-app	scm-vue-all-app/src/router/index.js:40	scm-vue-all-app/src/views/Login.vue
/page/previewPdf	scm-vue-all-app	scm-vue-all-app/src/router/index.js:337	scm-vue-all-app/src/components/pdf-view.vue
/purchasePlan/detail	scm-vue-all-app	scm-vue-all-app/src/router/index.js:172	scm-vue-all-app/src/views/allPlan/purchasePlan/detail.vue
/purchasePlan/purchaseIndex	scm-vue-all-app	scm-vue-all-app/src/router/index.js:164	scm-vue-all-app/src/views/allPlan/purchasePlan/index.vue
/search	scm-vue-all-app	scm-vue-all-app/src/router/index.js:67	scm-vue-all-app/src/views/searching.vue
/supplierBlackout/detail	scm-vue-all-app	scm-vue-all-app/src/router/index.js:155	scm-vue-all-app/src/views/supplierBlackout/approvalDetail.vue
/supplierBlackout/list	scm-vue-all-app	scm-vue-all-app/src/router/index.js:145	scm-vue-all-app/src/views/supplierBlackout/approvalList.vue
/supplierShort/businessListDetail	scm-vue-all-app	scm-vue-all-app/src/router/index.js:230	scm-vue-all-app/src/views/approveMgt/businessListDetail.vue
/workbench/message	scm-vue-all-app	scm-vue-all-app/src/router/index.js:319	scm-vue-all-app/src/views/workbench/message.vue
/workbench/todoList	scm-vue-all-app	scm-vue-all-app/src/router/index.js:310	scm-vue-all-app/src/views/dynamicPage/todoList.vue
/workbench/user	scm-vue-all-app	scm-vue-all-app/src/router/index.js:328	scm-vue-all-app/src/views/workbench/userPage.vue
/wxsso	scm-vue-all-app	scm-vue-all-app/src/router/index.js:58	scm-vue-all-app/src/views/home/wxsso.vue
/	scm-vue-all-auth	scm-vue-all-auth/src/router/index.js:8	scm-vue-all-auth/src/views/Home/index.vue
/sso	scm-vue-all-auth	scm-vue-all-auth/src/router/index.js:13	scm-vue-all-auth/src/views/sso/index.vue
/	scm-vue-all-bidevaluation	scm-vue-all-bidevaluation/src/router/routers.js:11	scm-vue-all-bidevaluation/src/views/Home.vue
/bidEvaluationt	scm-vue-all-bidevaluation	scm-vue-all-bidevaluation/src/router/routers.js:29	scm-vue-all-bidevaluation/src/components/Layout/Common.vue
/bidEvaluationt/bidEnd	scm-vue-all-bidevaluation	scm-vue-all-bidevaluation/src/router/routers.js:84	scm-vue-all-bidevaluation/src/views/BidEvaluation/BidEnd.vue
/bidEvaluationt/evaluatedList	scm-vue-all-bidevaluation	scm-vue-all-bidevaluation/src/router/routers.js:20	scm-vue-all-bidevaluation/src/views/evaluatedList/index.vue
/bidEvaluationt/taskList	scm-vue-all-bidevaluation	scm-vue-all-bidevaluation/src/router/routers.js:93	scm-vue-all-bidevaluation/src/views/Task/index.vue
/expertArchivesMgt	scm-vue-all-bidevaluation	scm-vue-all-bidevaluation/src/router/routers.js:103	scm-vue-all-bidevaluation/src/views/expertArchivesMgt/index.vue
/	scm-vue-all-cockpit	scm-vue-all-cockpit/src/router/index.js:8	scm-vue-all-cockpit/src/App.vue
/BarCharts	scm-vue-all-cockpit	scm-vue-all-cockpit/src/router/index.js:30	scm-vue-all-cockpit/src/views/workbench/BarChartSelection.vue
/cockpitMgt	scm-vue-all-cockpit	scm-vue-all-cockpit/src/router/index.js:14	scm-vue-all-cockpit/src/views/cockpitMgt/index.vue
/loading	scm-vue-all-cockpit	scm-vue-all-cockpit/src/router/index.js:25	scm-vue-all-cockpit/src/views/procurementCatalogMgt/components/loading.vue
/procurementCatalogMgt	scm-vue-all-cockpit	scm-vue-all-cockpit/src/router/index.js:20	scm-vue-all-cockpit/src/views/procurementCatalogMgt/index.vue
/	scm-vue-all-configmgt	scm-vue-all-configmgt/src/router/index.js:8	scm-vue-all-configmgt/src/views/Home.vue
/InCenterConfig/newOrganizationRelation/:companyPId?	scm-vue-all-configmgt	scm-vue-all-configmgt/src/router/index.js:21	scm-vue-all-configmgt/src/views/InCenterConfig/newOrganizationRelation/newOrg.vue
/InCenterConfig/organizationRelationList	scm-vue-all-configmgt	scm-vue-all-configmgt/src/router/index.js:15	scm-vue-all-configmgt/src/views/InCenterConfig/organizationRelation/list.vue
/bankCollectionMaintenance/bankCollectionMaintenanceList	scm-vue-all-configmgt	scm-vue-all-configmgt/src/router/index.js:86	scm-vue-all-configmgt/src/views/bankCollectionMaintenance/list.vue
/bankCollectionMaintenance/newBankInfo/:bankId?	scm-vue-all-configmgt	scm-vue-all-configmgt/src/router/index.js:92	scm-vue-all-configmgt/src/views/bankCollectionMaintenance/newBankInfo.vue
/buyerCenter/receivingAddress	scm-vue-all-configmgt	scm-vue-all-configmgt/src/router/index.js:98	scm-vue-all-configmgt/src/views/ReceivingAddress/index.vue
/buyerCenter/receivingAddress/add	scm-vue-all-configmgt	scm-vue-all-configmgt/src/router/index.js:103	scm-vue-all-configmgt/src/views/ReceivingAddress/addOrEdit.vue
/buyerCenter/receivingAddress/view	scm-vue-all-configmgt	scm-vue-all-configmgt/src/router/index.js:108	scm-vue-all-configmgt/src/views/ReceivingAddress/addressView.vue
/orgProcessConfig/newParameterConfig/:parameterId?	scm-vue-all-configmgt	scm-vue-all-configmgt/src/router/index.js:34	scm-vue-all-configmgt/src/views/orgProcessConfig/parameterConfigMgt/newParameterConfig.vue
/orgProcessConfig/orgProcessList	scm-vue-all-configmgt	scm-vue-all-configmgt/src/router/index.js:40	scm-vue-all-configmgt/src/views/orgProcessConfig/orgProcessList/list.vue
/orgProcessConfig/parameterConfigMgt	scm-vue-all-configmgt	scm-vue-all-configmgt/src/router/index.js:28	scm-vue-all-configmgt/src/views/orgProcessConfig/parameterConfigMgt/list.vue
/projectNameList/newProjectName/:projectId?	scm-vue-all-configmgt	scm-vue-all-configmgt/src/router/index.js:53	scm-vue-all-configmgt/src/views/projectNameMgt/projectNameList/newProjectName.vue
/projectNameMgt/projectNameList	scm-vue-all-configmgt	scm-vue-all-configmgt/src/router/index.js:47	scm-vue-all-configmgt/src/views/projectNameMgt/projectNameList/list.vue
/winningContactConfig/newWinningContact/:personId?	scm-vue-all-configmgt	scm-vue-all-configmgt/src/router/index.js:79	scm-vue-all-configmgt/src/views/winningContactConfig/winningContactList/newWinningContact.vue
/winningContactConfig/winningContactList	scm-vue-all-configmgt	scm-vue-all-configmgt/src/router/index.js:73	scm-vue-all-configmgt/src/views/winningContactConfig/winningContactList/list.vue
/winningDepartmentConfig/newWinningDepartment/:supervDeptId?	scm-vue-all-configmgt	scm-vue-all-configmgt/src/router/index.js:66	scm-vue-all-configmgt/src/views/winningDepartmentConfig/winningDepartmentList/newWinningDepartment.vue
/winningDepartmentConfig/winningDepartmentList	scm-vue-all-configmgt	scm-vue-all-configmgt/src/router/index.js:60	scm-vue-all-configmgt/src/views/winningDepartmentConfig/winningDepartmentList/list.vue
/	scm-vue-all-contractagreementmgt	scm-vue-all-contractagreementmgt/src/router/index.js:7	scm-vue-all-contractagreementmgt/src/views/Home.vue
/contractAgreementApproval	scm-vue-all-contractagreementmgt	scm-vue-all-contractagreementmgt/src/router/index.js:35	scm-vue-all-contractagreementmgt/src/views/contractAgreementApproval/index.vue
/contractAgreementApproval/detail	scm-vue-all-contractagreementmgt	scm-vue-all-contractagreementmgt/src/router/index.js:40	scm-vue-all-contractagreementmgt/src/views/contractAgreementApproval/detail.vue
/contractEntry	scm-vue-all-contractagreementmgt	scm-vue-all-contractagreementmgt/src/router/index.js:13	scm-vue-all-contractagreementmgt/src/views/contractEntry/index.vue
/contractEntry/add	scm-vue-all-contractagreementmgt	scm-vue-all-contractagreementmgt/src/router/index.js:18	scm-vue-all-contractagreementmgt/src/views/contractEntry/add.vue
/contractMaintenance	scm-vue-all-contractagreementmgt	scm-vue-all-contractagreementmgt/src/router/index.js:63	scm-vue-all-contractagreementmgt/src/views/contractMaintenance/index.vue
/contractMaintenance/detail	scm-vue-all-contractagreementmgt	scm-vue-all-contractagreementmgt/src/router/index.js:73	scm-vue-all-contractagreementmgt/src/views/contractMaintenance/detail.vue
/contractMaintenance/query	scm-vue-all-contractagreementmgt	scm-vue-all-contractagreementmgt/src/router/index.js:68	scm-vue-all-contractagreementmgt/src/views/contractMaintenance/query.vue
/contractSupplement	scm-vue-all-contractagreementmgt	scm-vue-all-contractagreementmgt/src/router/index.js:24	scm-vue-all-contractagreementmgt/src/views/contractSupplement/index.vue
/contractSupplement/add	scm-vue-all-contractagreementmgt	scm-vue-all-contractagreementmgt/src/router/index.js:29	scm-vue-all-contractagreementmgt/src/views/contractSupplement/add.vue
/contractSupplementApproval	scm-vue-all-contractagreementmgt	scm-vue-all-contractagreementmgt/src/router/index.js:49	scm-vue-all-contractagreementmgt/src/views/contractSupplementApproval/index.vue
/contractSupplementApproval/detail	scm-vue-all-contractagreementmgt	scm-vue-all-contractagreementmgt/src/router/index.js:54	scm-vue-all-contractagreementmgt/src/views/contractSupplementApproval/detail.vue
/frameworkAgreement	scm-vue-all-contractagreementmgt	scm-vue-all-contractagreementmgt/src/router/index.js:82	scm-vue-all-contractagreementmgt/src/views/frameworkAgreement/index.vue
/frameworkAgreement/add	scm-vue-all-contractagreementmgt	scm-vue-all-contractagreementmgt/src/router/index.js:88	scm-vue-all-contractagreementmgt/src/views/frameworkAgreement/add.vue
/frameworkAgreement/approve	scm-vue-all-contractagreementmgt	scm-vue-all-contractagreementmgt/src/router/index.js:94	scm-vue-all-contractagreementmgt/src/views/frameworkAgreement/approve.vue
/	scm-vue-all-emp	scm-vue-all-emp/src/router/index.js:8	scm-vue-all-emp/src/views/Home.vue
/SupplierAccess/SupplierAuditList	scm-vue-all-emp	scm-vue-all-emp/src/router/index.js:140	scm-vue-all-emp/src/views/SupplierAccess/SupplierAuditList/index.vue
/SupplierAccess/addProductListApply	scm-vue-all-emp	scm-vue-all-emp/src/router/index.js:211	scm-vue-all-emp/src/views/SupplierAccess/networkAccessDirectory/addProductListApply.vue
/SupplierAccess/addProductListAudit	scm-vue-all-emp	scm-vue-all-emp/src/router/index.js:218	scm-vue-all-emp/src/views/SupplierAccess/networkAccessDirectory/addProductListAudit.vue
/SupplierAccess/addProductListDetail	scm-vue-all-emp	scm-vue-all-emp/src/router/index.js:225	scm-vue-all-emp/src/views/SupplierAccess/networkAccessDirectory/addProductListDetail.vue
/SupplierAccess/auditChangeBasic	scm-vue-all-emp	scm-vue-all-emp/src/router/index.js:116	scm-vue-all-emp/src/views/SupplierAccess/changeBasic/detail.vue
/SupplierAccess/auditProduct	scm-vue-all-emp	scm-vue-all-emp/src/router/index.js:97	scm-vue-all-emp/src/views/SupplierAccess/changeProduct/detail.vue
/SupplierAccess/changeBasicList	scm-vue-all-emp	scm-vue-all-emp/src/router/index.js:108	scm-vue-all-emp/src/views/SupplierAccess/changeBasic/list.vue
/SupplierAccess/changeProduct	scm-vue-all-emp	scm-vue-all-emp/src/router/index.js:89	scm-vue-all-emp/src/views/SupplierAccess/changeProduct/list.vue
/SupplierAccess/networkAccessDirectory	scm-vue-all-emp	scm-vue-all-emp/src/router/index.js:204	scm-vue-all-emp/src/views/SupplierAccess/networkAccessDirectory/index.vue
/SupplierAccess/networkExamine	scm-vue-all-emp	scm-vue-all-emp/src/router/index.js:71	scm-vue-all-emp/src/views/SupplierAccess/networkExamine/NetworkExamine.vue
/SupplierAccess/onSiteAuditMgt	scm-vue-all-emp	scm-vue-all-emp/src/router/index.js:162	scm-vue-all-emp/src/views/SupplierAccess/onSiteAuditMgt/index.vue
/SupplierAccess/potentialSupplierMgt	scm-vue-all-emp	scm-vue-all-emp/src/router/index.js:131	scm-vue-all-emp/src/views/SupplierAccess/potentialSupplierMgt/index.vue
/SupplierAccess/potentialSupplierMgt/registeredAgent	scm-vue-all-emp	scm-vue-all-emp/src/router/index.js:147	scm-vue-all-emp/src/views/SupplierAccess/formalApply/index.vue
/SupplierAccess/productList	scm-vue-all-emp	scm-vue-all-emp/src/router/index.js:190	scm-vue-all-emp/src/views/SupplierAccess/productList/index.vue
/SupplierAccess/productListView	scm-vue-all-emp	scm-vue-all-emp/src/router/index.js:197	scm-vue-all-emp/src/views/SupplierAccess/productList/productList_view.vue
/SupplierAccess/qualificationAuditMgt	scm-vue-all-emp	scm-vue-all-emp/src/router/index.js:155	scm-vue-all-emp/src/views/SupplierAccess/qualificationAuditMgt/index.vue
/SupplierAccess/qualifications/examine	scm-vue-all-emp	scm-vue-all-emp/src/router/index.js:492	scm-vue-all-emp/src/views/Qualifications/index.vue
/SupplierAccess/serviceRelation	scm-vue-all-emp	scm-vue-all-emp/src/router/index.js:169	scm-vue-all-emp/src/views/SupplierAccess/serviceRelation/index.vue
/SupplierAccess/serviceRelation/detailServiceRelation	scm-vue-all-emp	scm-vue-all-emp/src/router/index.js:176	scm-vue-all-emp/src/views/SupplierAccess/serviceRelation/detailServiceRelation.vue
/SupplierAccess/serviceRelation/detailSubServiceRelation	scm-vue-all-emp	scm-vue-all-emp/src/router/index.js:183	scm-vue-all-emp/src/views/SupplierAccess/serviceRelation/detailSubServiceRelation.vue
/SupplierAccess/supperDetail	scm-vue-all-emp	scm-vue-all-emp/src/router/index.js:78	scm-vue-all-emp/src/views/SupplierAccess/networkExamine/SupperDetail.vue
/SupplierFile/ContractorPerson	scm-vue-all-emp	scm-vue-all-emp/src/router/index.js:353	scm-vue-all-emp/src/views/SupplierFile/ContractorPerson/index.vue
/SupplierFile/ContractorPerson/detailContractorPerson	scm-vue-all-emp	scm-vue-all-emp/src/router/index.js:367	scm-vue-all-emp/src/views/SupplierFile/ContractorPerson/detailContractorPerson.vue
/SupplierFile/ContractorPersonAudit	scm-vue-all-emp	scm-vue-all-emp/src/router/index.js:360	scm-vue-all-emp/src/views/SupplierFile/ContractorPerson/ContractorPersonAudit.vue
/SupplierFile/SupplierDetail	scm-vue-all-emp	scm-vue-all-emp/src/router/index.js:346	scm-vue-all-emp/src/views/SupplierFile/SupplierDetail/index.vue
/SupplierFile/SupplierFileMgt	scm-vue-all-emp	scm-vue-all-emp/src/router/index.js:339	scm-vue-all-emp/src/views/SupplierFile/SupplierFileMgt/index.vue
/SupplierFile/detailSupplierLinkman	scm-vue-all-emp	scm-vue-all-emp/src/router/index.js:424	scm-vue-all-emp/src/views/SupplierFile/supplierLinkmanMgt/detailSupplierLinkman.vue
/SupplierFile/informationAudit	scm-vue-all-emp	scm-vue-all-emp/src/router/index.js:410	scm-vue-all-emp/src/views/SupplierFile/InformationChange/informationAudit.vue
/SupplierFile/informationChange	scm-vue-all-emp	scm-vue-all-emp/src/router/index.js:396	scm-vue-all-emp/src/views/SupplierFile/InformationChange/index.vue
/SupplierFile/informationChange/informationChangeDetail	scm-vue-all-emp	scm-vue-all-emp/src/router/index.js:403	scm-vue-all-emp/src/views/SupplierFile/InformationChange/informationChangeDetail.vue
/SupplierFile/supplierLinkmanAudit	scm-vue-all-emp	scm-vue-all-emp/src/router/index.js:431	scm-vue-all-emp/src/views/SupplierFile/supplierLinkmanMgt/supplierLinkmanAudit.vue
/SupplierFile/supplierLinkmanMgt	scm-vue-all-emp	scm-vue-all-emp/src/router/index.js:417	scm-vue-all-emp/src/views/SupplierFile/supplierLinkmanMgt/index.vue
/SupplierFile/supplierSubcontractor	scm-vue-all-emp	scm-vue-all-emp/src/router/index.js:375	scm-vue-all-emp/src/views/SupplierFile/supplierSubcontractor/index.vue
/SupplierFile/supplierSubcontractor/detailSubcontractor	scm-vue-all-emp	scm-vue-all-emp/src/router/index.js:389	scm-vue-all-emp/src/views/SupplierFile/supplierSubcontractor/detailSubcontractor.vue
/SupplierFile/supplierSubcontractorAudit	scm-vue-all-emp	scm-vue-all-emp/src/router/index.js:382	scm-vue-all-emp/src/views/SupplierFile/supplierSubcontractor/supplierSubcontractorAudit.vue
/approveMgt/compulsoryDisclosureApproval/detail	scm-vue-all-emp	scm-vue-all-emp/src/router/index.js:538	scm-vue-all-emp/src/views/approveMgt/compulsoryDisclosureApproval/destail.vue
/approveMgt/dealPlanApprovalMgt/planApproval/:dealResultId?	scm-vue-all-emp	scm-vue-all-emp/src/router/index.js:517	scm-vue-all-emp/src/views/approveMgt/dealPlanApprovalMgt/planApproval.vue
/approveMgt/dealPlanApprovalMgt/planApprovalDetail/:dealResultId?	scm-vue-all-emp	scm-vue-all-emp/src/router/index.js:524	scm-vue-all-emp/src/views/approveMgt/dealPlanApprovalMgt/planApprovalDetail.vue
/approveMgt/purchaseSchemeApproval/destail	scm-vue-all-emp	scm-vue-all-emp/src/router/index.js:531	scm-vue-all-emp/src/views/approveMgt/purchaseSchemeApproval/destail.vue
/audit/AuditInformation	scm-vue-all-emp	scm-vue-all-emp/src/router/index.js:484	scm-vue-all-emp/src/views/SupplierFile/AuditInformation/index.vue
/audit/AuditSupplier	scm-vue-all-emp	scm-vue-all-emp/src/router/index.js:470	scm-vue-all-emp/src/views/SupplierAccess/AuditSupplier/index.vue
/audit/registeredAgentAudit	scm-vue-all-emp	scm-vue-all-emp/src/router/index.js:477	scm-vue-all-emp/src/views/SupplierAccess/AuditSupplier/index2.vue
/backlog	scm-vue-all-emp	scm-vue-all-emp/src/router/index.js:507	scm-vue-all-emp/src/views/backlog/backlog.vue
/biddingAgency	scm-vue-all-emp	scm-vue-all-emp/src/router/index.js:935	scm-vue-all-emp/src/views/biddingAgency/index.vue
/evaluateTemplate	scm-vue-all-emp	scm-vue-all-emp/src/router/index.js:804	scm-vue-all-emp/src/views/supplierEvaluateMgt/evaluateTemplate/index.vue
/evaluateTemplate/add	scm-vue-all-emp	scm-vue-all-emp/src/router/index.js:811	scm-vue-all-emp/src/views/supplierEvaluateMgt/evaluateTemplate/add.vue
/evaluationLevel	scm-vue-all-emp	scm-vue-all-emp/src/router/index.js:882	scm-vue-all-emp/src/views/supplierEvaluateMgt/evaluationLevel/index.vue
/evaluationLevel/add	scm-vue-all-emp	scm-vue-all-emp/src/router/index.js:875	scm-vue-all-emp/src/views/supplierEvaluateMgt/evaluationLevel/add.vue
/evaluationLevel/list	scm-vue-all-emp	scm-vue-all-emp/src/router/index.js:889	scm-vue-all-emp/src/views/supplierEvaluateMgt/evaluationLevel/list.vue
/mdmLog	scm-vue-all-emp	scm-vue-all-emp/src/router/index.js:944	scm-vue-all-emp/src/views/errorLog/mdmLog/index.vue
/needApprove/needApproveDetail	scm-vue-all-emp	scm-vue-all-emp/src/router/index.js:545	scm-vue-all-emp/src/views/approveMgt/needApprove/needApproveDetail.vue
/protocolAgent/approve	scm-vue-all-emp	scm-vue-all-emp/src/router/index.js:559	scm-vue-all-emp/src/views/todoCenter/protocolAgent_approve.vue
/protocolAgent/detail	scm-vue-all-emp	scm-vue-all-emp/src/router/index.js:566	scm-vue-all-emp/src/views/todoCenter/protocolAgent_Detail.vue
/purchaseApprove/planApproveDetail	scm-vue-all-emp	scm-vue-all-emp/src/router/index.js:552	scm-vue-all-emp/src/views/approveMgt/purchaseApprove/purchaseApproveDetail.vue
/qualifications/approve	scm-vue-all-emp	scm-vue-all-emp/src/router/index.js:499	scm-vue-all-emp/src/views/Qualifications/approve.vue
/supplierBlackout	scm-vue-all-emp	scm-vue-all-emp/src/router/index.js:647	scm-vue-all-emp/src/views/supplierBlackout/index.vue
/supplierBlackout/add	scm-vue-all-emp	scm-vue-all-emp/src/router/index.js:654	scm-vue-all-emp/src/views/supplierBlackout/add.vue
/supplierBlackout/approve	scm-vue-all-emp	scm-vue-all-emp/src/router/index.js:689	scm-vue-all-emp/src/views/supplierBlackout/approve/index.vue
/supplierBlackout/approve/detail	scm-vue-all-emp	scm-vue-all-emp/src/router/index.js:695	scm-vue-all-emp/src/views/supplierBlackout/approve/approval.vue
/supplierBlackout/blackList	scm-vue-all-emp	scm-vue-all-emp/src/router/index.js:668	scm-vue-all-emp/src/views/supplierBlackout/blackList/index.vue
/supplierBlackout/blackList/detail	scm-vue-all-emp	scm-vue-all-emp/src/router/index.js:675	scm-vue-all-emp/src/views/supplierBlackout/blackList/detail.vue
/supplierBlackout/blackOperLog	scm-vue-all-emp	scm-vue-all-emp/src/router/index.js:682	scm-vue-all-emp/src/views/supplierBlackout/blackOperLog/index.vue
/supplierBlackout/platform	scm-vue-all-emp	scm-vue-all-emp/src/router/index.js:661	scm-vue-all-emp/src/views/supplierBlackout/platform.vue
/supplierBlackout/removeApprove	scm-vue-all-emp	scm-vue-all-emp/src/router/index.js:910	scm-vue-all-emp/src/views/supplierBlackout/removeApprove/index.vue
/supplierBlackout/removeApprove/detail	scm-vue-all-emp	scm-vue-all-emp/src/router/index.js:917	scm-vue-all-emp/src/views/supplierBlackout/removeApprove/approval.vue
/supplierBlackout/removeBlackList	scm-vue-all-emp	scm-vue-all-emp/src/router/index.js:896	scm-vue-all-emp/src/views/supplierBlackout/removeBlackList/index.vue
/supplierBlackout/removeBlackList/add	scm-vue-all-emp	scm-vue-all-emp/src/router/index.js:903	scm-vue-all-emp/src/views/supplierBlackout/removeBlackList/add.vue
/supplierBlackout/removeBlackLog	scm-vue-all-emp	scm-vue-all-emp/src/router/index.js:928	scm-vue-all-emp/src/views/supplierBlackout/removeBlackLog/index.vue
/supplierBlackout/tempApprove	scm-vue-all-emp	scm-vue-all-emp/src/router/index.js:705	scm-vue-all-emp/src/views/supplierBlackout/tempApprove/index.vue
/supplierBlackout/tempApprove/detail	scm-vue-all-emp	scm-vue-all-emp/src/router/index.js:711	scm-vue-all-emp/src/views/supplierBlackout/tempApprove/approval.vue
/supplierEvaluateMgt	scm-vue-all-emp	scm-vue-all-emp/src/router/index.js:821	scm-vue-all-emp/src/views/supplierEvaluateMgt/supplierEvaluate/index.vue
/supplierEvaluateMgt/add	scm-vue-all-emp	scm-vue-all-emp/src/router/index.js:828	scm-vue-all-emp/src/views/supplierEvaluateMgt/supplierEvaluate/add1.vue
/supplierEvaluateMgt/detail	scm-vue-all-emp	scm-vue-all-emp/src/router/index.js:838	scm-vue-all-emp/src/views/supplierEvaluateMgt/supplierEvaluate/detail.vue
/supplierEvaluation/appeal	scm-vue-all-emp	scm-vue-all-emp/src/router/index.js:626	scm-vue-all-emp/src/views/supplierEvaluationAppeal/index.vue
/supplierEvaluation/appealDetail	scm-vue-all-emp	scm-vue-all-emp/src/router/index.js:640	scm-vue-all-emp/src/views/supplierEvaluationAppeal/appealDetail.vue
/supplierEvaluation/detailScore	scm-vue-all-emp	scm-vue-all-emp/src/router/index.js:611	scm-vue-all-emp/src/views/supplierEvaluationRecord/detailScore.vue
/supplierEvaluation/detailWeight	scm-vue-all-emp	scm-vue-all-emp/src/router/index.js:618	scm-vue-all-emp/src/views/supplierEvaluationRecord/detailWeight.vue
/supplierEvaluation/evaluate1	scm-vue-all-emp	scm-vue-all-emp/src/router/index.js:582	scm-vue-all-emp/src/views/supplierEvaluation/evaluate_1.vue
/supplierEvaluation/evaluate1score	scm-vue-all-emp	scm-vue-all-emp/src/router/index.js:596	scm-vue-all-emp/src/views/supplierEvaluation/evaluate_1_score.vue
/supplierEvaluation/evaluate1weight	scm-vue-all-emp	scm-vue-all-emp/src/router/index.js:589	scm-vue-all-emp/src/views/supplierEvaluation/evaluate_1_weight.vue
/supplierEvaluation/handleAppeal	scm-vue-all-emp	scm-vue-all-emp/src/router/index.js:633	scm-vue-all-emp/src/views/supplierEvaluationAppeal/handleAppeal.vue
/supplierEvaluation/list	scm-vue-all-emp	scm-vue-all-emp/src/router/index.js:575	scm-vue-all-emp/src/views/supplierEvaluation/index.vue
/supplierEvaluation/record	scm-vue-all-emp	scm-vue-all-emp/src/router/index.js:604	scm-vue-all-emp/src/views/supplierEvaluationRecord/index.vue
/supplierFreeze	scm-vue-all-emp	scm-vue-all-emp/src/router/index.js:721	scm-vue-all-emp/src/views/supplierFreeze/freeze/index.vue
/supplierFreeze/add	scm-vue-all-emp	scm-vue-all-emp/src/router/index.js:728	scm-vue-all-emp/src/views/supplierFreeze/freeze/add.vue
/supplierFreeze/approve	scm-vue-all-emp	scm-vue-all-emp/src/router/index.js:750	scm-vue-all-emp/src/views/supplierFreeze/freezeApprove/index.vue
/supplierFreeze/approve/detail	scm-vue-all-emp	scm-vue-all-emp/src/router/index.js:757	scm-vue-all-emp/src/views/supplierFreeze/freezeApprove/approval.vue
/supplierFreeze/detail	scm-vue-all-emp	scm-vue-all-emp/src/router/index.js:742	scm-vue-all-emp/src/views/supplierFreeze/freezeList/detail.vue
/supplierFreeze/feedback	scm-vue-all-emp	scm-vue-all-emp/src/router/index.js:777	scm-vue-all-emp/src/views/supplierFreeze/rectification/feedback.vue
/supplierFreeze/list	scm-vue-all-emp	scm-vue-all-emp/src/router/index.js:735	scm-vue-all-emp/src/views/supplierFreeze/freezeList/list.vue
/supplierFreeze/rectification	scm-vue-all-emp	scm-vue-all-emp/src/router/index.js:767	scm-vue-all-emp/src/views/supplierFreeze/rectification/index.vue
/supplierManger/mangerList	scm-vue-all-emp	scm-vue-all-emp/src/router/index.js:16	scm-vue-all-emp/src/views/supplierManger/MangerList.vue
/supplierManger/mangerListDc	scm-vue-all-emp	scm-vue-all-emp/src/router/index.js:23	scm-vue-all-emp/src/views/supplierManger/MangerListDc.vue
/supplierManger/mangerListView	scm-vue-all-emp	scm-vue-all-emp/src/router/index.js:29	scm-vue-all-emp/src/views/supplierManger/SupperDetail.vue
/supplierManger/supplierComparison	scm-vue-all-emp	scm-vue-all-emp/src/router/index.js:55	scm-vue-all-emp/src/views/supplierManger/supplierComparison/index.vue
/supplierManger/supplierComparison/detail	scm-vue-all-emp	scm-vue-all-emp/src/router/index.js:61	scm-vue-all-emp/src/views/supplierManger/supplierComparison/detail.vue
/supplierManger/supplierPush	scm-vue-all-emp	scm-vue-all-emp/src/router/index.js:48	scm-vue-all-emp/src/views/supplierManger/supplierPush/index.vue
/supplierManger/supplierRecord	scm-vue-all-emp	scm-vue-all-emp/src/router/index.js:38	scm-vue-all-emp/src/views/supplierManger/supplierRecord.vue
/supplierScore	scm-vue-all-emp	scm-vue-all-emp/src/router/index.js:848	scm-vue-all-emp/src/views/supplierEvaluateMgt/supplierScore/index.vue
/supplierScore/list	scm-vue-all-emp	scm-vue-all-emp/src/router/index.js:855	scm-vue-all-emp/src/views/supplierEvaluateMgt/supplierScore/list.vue
/supplierScore/score	scm-vue-all-emp	scm-vue-all-emp/src/router/index.js:865	scm-vue-all-emp/src/views/supplierEvaluateMgt/supplierScore/score.vue
/supplierStopEnable/auditList	scm-vue-all-emp	scm-vue-all-emp/src/router/index.js:242	scm-vue-all-emp/src/views/supplierStopEnable/auditList.vue
/supplierStopEnable/enableApply	scm-vue-all-emp	scm-vue-all-emp/src/router/index.js:257	scm-vue-all-emp/src/views/supplierStopEnable/enableApply.vue
/supplierStopEnable/enableDetail	scm-vue-all-emp	scm-vue-all-emp/src/router/index.js:271	scm-vue-all-emp/src/views/supplierStopEnable/enableDetail.vue
/supplierStopEnable/enableSmallApply	scm-vue-all-emp	scm-vue-all-emp/src/router/index.js:264	scm-vue-all-emp/src/views/supplierStopEnable/enableSmallApply.vue
/supplierStopEnable/list	scm-vue-all-emp	scm-vue-all-emp/src/router/index.js:235	scm-vue-all-emp/src/views/supplierStopEnable/index.vue
/supplierStopEnable/smallList	scm-vue-all-emp	scm-vue-all-emp/src/router/index.js:250	scm-vue-all-emp/src/views/supplierStopEnable/index2.vue
/supplierStopEnable/stopApply	scm-vue-all-emp	scm-vue-all-emp/src/router/index.js:278	scm-vue-all-emp/src/views/supplierStopEnable/stopApply.vue
/supplierStopEnable/stopDetail	scm-vue-all-emp	scm-vue-all-emp/src/router/index.js:292	scm-vue-all-emp/src/views/supplierStopEnable/stopDetail.vue
/supplierStopEnable/stopSmallApply	scm-vue-all-emp	scm-vue-all-emp/src/router/index.js:285	scm-vue-all-emp/src/views/supplierStopEnable/stopSmallApply.vue
/supplierStopEnable/supplierFreezAduit	scm-vue-all-emp	scm-vue-all-emp/src/router/index.js:306	scm-vue-all-emp/src/views/supplierStopEnable/supplierFreezAduit.vue
/supplierStopEnable/supplierFreezingThaw	scm-vue-all-emp	scm-vue-all-emp/src/router/index.js:299	scm-vue-all-emp/src/views/supplierStopEnable/supplierFreezingThaw.vue
/supplierStopEnable/supplierThawing	scm-vue-all-emp	scm-vue-all-emp/src/router/index.js:327	scm-vue-all-emp/src/views/supplierStopEnable/supplierThawing.vue
/supplierStopEnable/supplierThawingApply	scm-vue-all-emp	scm-vue-all-emp/src/router/index.js:313	scm-vue-all-emp/src/views/supplierStopEnable/supplierThawingApply.vue
/supplierStopEnable/supplierThawingAudit	scm-vue-all-emp	scm-vue-all-emp/src/router/index.js:320	scm-vue-all-emp/src/views/supplierStopEnable/supplierThawingAudit.vue
/supplierThaw	scm-vue-all-emp	scm-vue-all-emp/src/router/index.js:787	scm-vue-all-emp/src/views/supplierFreeze/supplierThaw/index.vue
/supplierThaw/approval	scm-vue-all-emp	scm-vue-all-emp/src/router/index.js:794	scm-vue-all-emp/src/views/supplierFreeze/supplierThaw/approval.vue
/supplierWarn	scm-vue-all-emp	scm-vue-all-emp/src/router/index.js:952	scm-vue-all-emp/src/views/warningMgt/supplierWarn/index.vue
/todoCenter	scm-vue-all-emp	scm-vue-all-emp/src/router/index.js:441	scm-vue-all-emp/src/views/todoCenter/index.vue
/todoCenter/supplierMainProduct	scm-vue-all-emp	scm-vue-all-emp/src/router/index.js:448	scm-vue-all-emp/src/views/todoCenter/supplier_main_product_approve.vue
/todoCenter/supplierMainProductDetail	scm-vue-all-emp	scm-vue-all-emp/src/router/index.js:455	scm-vue-all-emp/src/views/todoCenter/supplier_main_product_Detail.vue
/todoCenter/supplisrAudit	scm-vue-all-emp	scm-vue-all-emp/src/router/index.js:462	scm-vue-all-emp/src/views/todoCenter/supplierAuditForm.vue
/	scm-vue-all-ismp	scm-vue-all-ismp/src/router/index.js:22	scm-vue-all-ismp/src/components/Layout/Frame.vue
/	scm-vue-all-ismp	scm-vue-all-ismp/src/router/index.js:27	
/dynamicMultipleTabs/:module/:type	scm-vue-all-ismp	scm-vue-all-ismp/src/router/index.js:93	scm-vue-all-ismp/src/views/dynamicMultipleTabs/index.vue
/dynamicPage/:module/:type	scm-vue-all-ismp	scm-vue-all-ismp/src/router/index.js:105	scm-vue-all-ismp/src/views/dynamicPage/index.vue
/mainPage/:isIframe/:dynamicRouting/:title	scm-vue-all-ismp	scm-vue-all-ismp/src/router/index.js:116	
/page/page3	scm-vue-all-ismp	scm-vue-all-ismp/src/router/index.js:60	scm-vue-all-ismp/src/views/page3.vue
/page/page4	scm-vue-all-ismp	scm-vue-all-ismp/src/router/index.js:71	scm-vue-all-ismp/src/views/page4.vue
/page/page5	scm-vue-all-ismp	scm-vue-all-ismp/src/router/index.js:82	scm-vue-all-ismp/src/views/page5.vue
/page1	scm-vue-all-ismp	scm-vue-all-ismp/src/router/index.js:38	scm-vue-all-ismp/src/views/page1.vue
/page2	scm-vue-all-ismp	scm-vue-all-ismp/src/router/index.js:49	
/	scm-vue-all-mall	scm-vue-all-mall/src/router/index.js:9	scm-vue-all-mall/src/views/Home.vue
/comparePrice	scm-vue-all-mall	scm-vue-all-mall/src/router/index.js:72	scm-vue-all-mall/src/views/comparePrice/index.vue
/comparePriceSame	scm-vue-all-mall	scm-vue-all-mall/src/router/index.js:78	scm-vue-all-mall/src/views/comparePrice/same.vue
/confirmOrder	scm-vue-all-mall	scm-vue-all-mall/src/router/index.js:27	scm-vue-all-mall/src/views/shoppingCart/confirmOrder.vue
/idleMaterialList	scm-vue-all-mall	scm-vue-all-mall/src/router/index.js:50	scm-vue-all-mall/src/views/idleMaterialList/index.vue
/idleMaterialList/detail	scm-vue-all-mall	scm-vue-all-mall/src/router/index.js:55	scm-vue-all-mall/src/views/idleMaterialList/productDetail.vue
/internalCollaborationList	scm-vue-all-mall	scm-vue-all-mall/src/router/index.js:84	scm-vue-all-mall/src/views/internalCollaborationList/index.vue
/notice	scm-vue-all-mall	scm-vue-all-mall/src/router/index.js:39	scm-vue-all-mall/src/views/notice/index.vue
/notice/detail	scm-vue-all-mall	scm-vue-all-mall/src/router/index.js:44	scm-vue-all-mall/src/views/notice/detail.vue
/product	scm-vue-all-mall	scm-vue-all-mall/src/router/index.js:15	scm-vue-all-mall/src/views/productList/index.vue
/qrcode	scm-vue-all-mall	scm-vue-all-mall/src/router/index.js:90	scm-vue-all-mall/src/views/internalCollaborationList/component/qrcodePage.vue
/shoppingCart	scm-vue-all-mall	scm-vue-all-mall/src/router/index.js:21	scm-vue-all-mall/src/views/shoppingCart/index.vue
/submitOrderTips	scm-vue-all-mall	scm-vue-all-mall/src/router/index.js:33	scm-vue-all-mall/src/views/shoppingCart/submitOrderTips.vue
/welfareList	scm-vue-all-mall	scm-vue-all-mall/src/router/index.js:61	scm-vue-all-mall/src/views/welfareList/index.vue
/welfareList/detail	scm-vue-all-mall	scm-vue-all-mall/src/router/index.js:66	scm-vue-all-mall/src/views/welfareList/productDetail.vue
/	scm-vue-all-mall-portal	scm-vue-all-mall-portal/src/router/index.js:8	scm-vue-all-mall-portal/src/views/Home/index.vue
/	scm-vue-all-mdm	scm-vue-all-mdm/src/router/index.js:8	scm-vue-all-mdm/src/views/Home.vue
/basicMgmt/menuMgt	scm-vue-all-mdm	scm-vue-all-mdm/src/router/index.js:15	
/mdm/centralizedPurchaseGroupConfig	scm-vue-all-mdm	scm-vue-all-mdm/src/router/index.js:111	scm-vue-all-mdm/src/views/centralizedPurchaseGroupConfig/index.vue
/mdm/centralizedPurchaseGroupConfig/add	scm-vue-all-mdm	scm-vue-all-mdm/src/router/index.js:116	scm-vue-all-mdm/src/views/centralizedPurchaseGroupConfig/addOrEdit.vue
/mdm/centralizedPurchaseGroupConfig/materialConfig	scm-vue-all-mdm	scm-vue-all-mdm/src/router/index.js:126	scm-vue-all-mdm/src/views/centralizedPurchaseGroupConfig/materialConfig.vue
/mdm/centralizedPurchaseGroupConfig/personnelConfig	scm-vue-all-mdm	scm-vue-all-mdm/src/router/index.js:121	scm-vue-all-mdm/src/views/centralizedPurchaseGroupConfig/personnelConfig.vue
/mdm/demandDusinessScopeConfig	scm-vue-all-mdm	scm-vue-all-mdm/src/router/index.js:69	scm-vue-all-mdm/src/views/demandDusinessScopeConfig/index.vue
/mdm/demandDusinessScopeConfig/add	scm-vue-all-mdm	scm-vue-all-mdm/src/router/index.js:74	scm-vue-all-mdm/src/views/demandDusinessScopeConfig/addOrEdit.vue
/mdm/demandDusinessScopeConfig/configurationRange	scm-vue-all-mdm	scm-vue-all-mdm/src/router/index.js:79	scm-vue-all-mdm/src/views/demandDusinessScopeConfig/configurationRange.vue
/mdm/erpPurchaseOrg	scm-vue-all-mdm	scm-vue-all-mdm/src/router/index.js:132	
/mdm/factoryMgt	scm-vue-all-mdm	scm-vue-all-mdm/src/router/index.js:27	scm-vue-all-mdm/src/views/factoryMgt/index.vue
/mdm/factoryMgt/add	scm-vue-all-mdm	scm-vue-all-mdm/src/router/index.js:32	scm-vue-all-mdm/src/views/factoryMgt/addOrEdit.vue
/mdm/materialMgt	scm-vue-all-mdm	scm-vue-all-mdm/src/router/index.js:21	scm-vue-all-mdm/src/views/materialMgt/index.vue
/mdm/orderTypeMgt	scm-vue-all-mdm	scm-vue-all-mdm/src/router/index.js:145	
/mdm/procurementCatalogMgt	scm-vue-all-mdm	scm-vue-all-mdm/src/router/index.js:151	
/mdm/professionalClassificationConfigure	scm-vue-all-mdm	scm-vue-all-mdm/src/router/index.js:63	scm-vue-all-mdm/src/views/professionalClassificationConfigure/index.vue
/mdm/professionalClassificationConfigure/add	scm-vue-all-mdm	scm-vue-all-mdm/src/router/index.js:53	scm-vue-all-mdm/src/views/professionalClassificationConfigure/addOrEdit.vue
/mdm/professionalClassificationConfigure/editMaterial	scm-vue-all-mdm	scm-vue-all-mdm/src/router/index.js:58	scm-vue-all-mdm/src/views/professionalClassificationConfigure/editMaterial.vue
/mdm/purchaseApplyType	scm-vue-all-mdm	scm-vue-all-mdm/src/router/index.js:139	
/mdm/purchaseGroupConfig	scm-vue-all-mdm	scm-vue-all-mdm/src/router/index.js:85	scm-vue-all-mdm/src/views/purchaseGroupConfig/index.vue
/mdm/purchaseGroupConfig/add	scm-vue-all-mdm	scm-vue-all-mdm/src/router/index.js:90	scm-vue-all-mdm/src/views/purchaseGroupConfig/addOrEdit.vue
/mdm/purchaseGroupConfig/materialConfig	scm-vue-all-mdm	scm-vue-all-mdm/src/router/index.js:100	scm-vue-all-mdm/src/views/purchaseGroupConfig/materialConfig.vue
/mdm/purchaseGroupConfig/mtrConfig	scm-vue-all-mdm	scm-vue-all-mdm/src/router/index.js:105	scm-vue-all-mdm/src/views/purchaseGroupConfig/materialConfigNew.vue
/mdm/purchaseGroupConfig/personnelConfig	scm-vue-all-mdm	scm-vue-all-mdm/src/router/index.js:95	scm-vue-all-mdm/src/views/purchaseGroupConfig/personnelConfig.vue
/mdm/purchaseOrgMgt	scm-vue-all-mdm	scm-vue-all-mdm/src/router/index.js:42	scm-vue-all-mdm/src/views/purchaseOrgMgt/index.vue
/mdm/purchaseOrgMgt/add	scm-vue-all-mdm	scm-vue-all-mdm/src/router/index.js:47	scm-vue-all-mdm/src/views/purchaseOrgMgt/addOrEdit.vue
/	scm-vue-all-opm	scm-vue-all-opm/src/router/index.js:9	scm-vue-all-opm/src/views/Home.vue
/sourceScheme	scm-vue-all-opm	scm-vue-all-opm/src/router/index.js:20	scm-vue-all-opm/src/views/sourceSchemeView/index.vue
/sourceScheme/list	scm-vue-all-opm	scm-vue-all-opm/src/router/index.js:25	scm-vue-all-opm/src/views/sourceSchemeView/list.vue
/supplierPendingReview	scm-vue-all-opm	scm-vue-all-opm/src/router/index.js:15	scm-vue-all-opm/src/views/supplierPendingReview/index.vue
/	scm-vue-all-order-purchase	scm-vue-all-order-purchase/src/router/index.js:8	scm-vue-all-order-purchase/src/views/Home.vue
/PINMgt	scm-vue-all-order-purchase	scm-vue-all-order-purchase/src/router/index.js:318	scm-vue-all-order-purchase/src/views/PINMgt/index.vue
/PINMgt/add	scm-vue-all-order-purchase	scm-vue-all-order-purchase/src/router/index.js:323	scm-vue-all-order-purchase/src/views/PINMgt/add.vue
/buyerCenter/Invoice/detail	scm-vue-all-order-purchase	scm-vue-all-order-purchase/src/router/index.js:67	scm-vue-all-order-purchase/src/views/Invoicelist/detail.vue
/buyerCenter/Invoice/invoiceApply	scm-vue-all-order-purchase	scm-vue-all-order-purchase/src/router/index.js:62	scm-vue-all-order-purchase/src/views/Invoicelist/invoiceCon/invoiceApply.vue
/buyerCenter/InvoicelistS	scm-vue-all-order-purchase	scm-vue-all-order-purchase/src/router/index.js:50	scm-vue-all-order-purchase/src/views/Invoicelist/index.vue
/buyerCenter/InvoicelistS/query	scm-vue-all-order-purchase	scm-vue-all-order-purchase/src/router/index.js:56	scm-vue-all-order-purchase/src/views/Invoicelist/query.vue
/buyerCenter/ReceivingTicketAddress	scm-vue-all-order-purchase	scm-vue-all-order-purchase/src/router/index.js:185	scm-vue-all-order-purchase/src/views/ReceivingTicketAddress/index.vue
/buyerCenter/ReceivingTicketAddress/add	scm-vue-all-order-purchase	scm-vue-all-order-purchase/src/router/index.js:190	scm-vue-all-order-purchase/src/views/ReceivingTicketAddress/addOrEdit.vue
/buyerCenter/ReceivingTicketAddress/view	scm-vue-all-order-purchase	scm-vue-all-order-purchase/src/router/index.js:195	scm-vue-all-order-purchase/src/views/ReceivingTicketAddress/addressView.vue
/buyerCenter/ReconciliationLists	scm-vue-all-order-purchase	scm-vue-all-order-purchase/src/router/index.js:14	scm-vue-all-order-purchase/src/views/ReconciliationLists/index.vue
/buyerCenter/ReconciliationLists/ReconciliationListsDetail	scm-vue-all-order-purchase	scm-vue-all-order-purchase/src/router/index.js:25	scm-vue-all-order-purchase/src/views/ReconciliationLists/ReconciliationDetails.vue
/buyerCenter/ReconciliationLists/afterSaleDetail	scm-vue-all-order-purchase	scm-vue-all-order-purchase/src/router/index.js:41	scm-vue-all-order-purchase/src/views/ReconciliationLists/afterSaleDetail.vue
/buyerCenter/ReconciliationLists/postSaleMoneyDetails	scm-vue-all-order-purchase	scm-vue-all-order-purchase/src/router/index.js:33	scm-vue-all-order-purchase/src/views/ReconciliationLists/PostSaleMoneyDetails.vue
/buyerCenter/ReconciliationListsQuery	scm-vue-all-order-purchase	scm-vue-all-order-purchase/src/router/index.js:20	scm-vue-all-order-purchase/src/views/ReconciliationLists/query.vue
/buyerCenter/afterSaleList	scm-vue-all-order-purchase	scm-vue-all-order-purchase/src/router/index.js:217	scm-vue-all-order-purchase/src/views/afterSaleList/index.vue
/buyerCenter/afterSaleList/afterSaleDetailConfirm	scm-vue-all-order-purchase	scm-vue-all-order-purchase/src/router/index.js:228	scm-vue-all-order-purchase/src/views/afterSaleList/afterSaleDetailConfirm.vue
/buyerCenter/afterSaleList/afterSaleListDetail	scm-vue-all-order-purchase	scm-vue-all-order-purchase/src/router/index.js:233	scm-vue-all-order-purchase/src/views/afterSaleList/afterSaleListDetail.vue
/buyerCenter/afterSaleListQuery	scm-vue-all-order-purchase	scm-vue-all-order-purchase/src/router/index.js:223	scm-vue-all-order-purchase/src/views/afterSaleList/query.vue
/buyerCenter/agreementOrderCompile	scm-vue-all-order-purchase	scm-vue-all-order-purchase/src/router/index.js:306	scm-vue-all-order-purchase/src/views/agreementOrderCompile/index.vue
/buyerCenter/applyForAfterSale	scm-vue-all-order-purchase	scm-vue-all-order-purchase/src/router/index.js:244	scm-vue-all-order-purchase/src/views/applyForAfterSale/index.vue
/buyerCenter/applyForAfterSale/afterSaleConfirm	scm-vue-all-order-purchase	scm-vue-all-order-purchase/src/router/index.js:249	scm-vue-all-order-purchase/src/views/applyForAfterSale/afterSaleConfirm.vue
/buyerCenter/matchingAgreement	scm-vue-all-order-purchase	scm-vue-all-order-purchase/src/router/index.js:312	scm-vue-all-order-purchase/src/views/agreementOrderCompile/matchingAgreement.vue
/buyerCenter/myOrder	scm-vue-all-order-purchase	scm-vue-all-order-purchase/src/router/index.js:113	scm-vue-all-order-purchase/src/views/order/index.vue
/buyerCenter/myOrder/Detail	scm-vue-all-order-purchase	scm-vue-all-order-purchase/src/router/index.js:118	scm-vue-all-order-purchase/src/views/myPurchaseOrder/Detail/index.vue
/buyerCenter/myOrder/evaluate	scm-vue-all-order-purchase	scm-vue-all-order-purchase/src/router/index.js:149	scm-vue-all-order-purchase/src/views/order/evaluate.vue
/buyerCenter/myOrder/invoiceDetail	scm-vue-all-order-purchase	scm-vue-all-order-purchase/src/router/index.js:144	scm-vue-all-order-purchase/src/views/order/invoiceDetail.vue
/buyerCenter/myOrder/viewInvoice	scm-vue-all-order-purchase	scm-vue-all-order-purchase/src/router/index.js:138	scm-vue-all-order-purchase/src/views/order/viewInvoice.vue
/buyerCenter/myPurchaseOrder	scm-vue-all-order-purchase	scm-vue-all-order-purchase/src/router/index.js:98	scm-vue-all-order-purchase/src/views/myPurchaseOrder/index.vue
/buyerCenter/myPurchaseOrder/Audit	scm-vue-all-order-purchase	scm-vue-all-order-purchase/src/router/index.js:103	scm-vue-all-order-purchase/src/views/myPurchaseOrder/Audit/index.vue
/buyerCenter/myPurchaseOrder/Detail	scm-vue-all-order-purchase	scm-vue-all-order-purchase/src/router/index.js:108	scm-vue-all-order-purchase/src/views/myPurchaseOrder/Detail/index.vue
/buyerCenter/myWelfareOrder	scm-vue-all-order-purchase	scm-vue-all-order-purchase/src/router/index.js:157	scm-vue-all-order-purchase/src/views/welfareOrder/index.vue
/buyerCenter/myWelfareOrder/Detail	scm-vue-all-order-purchase	scm-vue-all-order-purchase/src/router/index.js:162	scm-vue-all-order-purchase/src/views/myPurchaseOrder/Detail/welfareOrderDetail.vue
/buyerCenter/orderApproval	scm-vue-all-order-purchase	scm-vue-all-order-purchase/src/router/index.js:128	scm-vue-all-order-purchase/src/views/orderApproval/index.vue
/buyerCenter/orderMgt/add	scm-vue-all-order-purchase	scm-vue-all-order-purchase/src/router/index.js:83	scm-vue-all-order-purchase/src/views/orderMgt/add.vue
/buyerCenter/orderMgt/edit/:orderId	scm-vue-all-order-purchase	scm-vue-all-order-purchase/src/router/index.js:88	scm-vue-all-order-purchase/src/views/order/editOrder.vue
/buyerCenter/orderMgt/list	scm-vue-all-order-purchase	scm-vue-all-order-purchase/src/router/index.js:73	scm-vue-all-order-purchase/src/views/orderMgt/index.vue
/buyerCenter/orderMgt/save/:orderId?	scm-vue-all-order-purchase	scm-vue-all-order-purchase/src/router/index.js:93	scm-vue-all-order-purchase/src/views/orderMgt/saveORSubmit.vue
/buyerCenter/protocolOrderMgt/protocolOrder	scm-vue-all-order-purchase	scm-vue-all-order-purchase/src/router/index.js:78	scm-vue-all-order-purchase/src/views/protocolOrderMgt/protocolOrder.vue
/buyerCenter/receiptConfirm	scm-vue-all-order-purchase	scm-vue-all-order-purchase/src/router/index.js:255	scm-vue-all-order-purchase/src/views/receiptConfirm/index.vue
/buyerCenter/receiptConfirm/receiptConfirmDetail	scm-vue-all-order-purchase	scm-vue-all-order-purchase/src/router/index.js:269	scm-vue-all-order-purchase/src/views/receiptConfirm/receiptConfirmDetail.vue
/buyerCenter/receivingAddress	scm-vue-all-order-purchase	scm-vue-all-order-purchase/src/router/index.js:168	scm-vue-all-order-purchase/src/views/ReceivingAddress/index.vue
/buyerCenter/receivingAddress/add	scm-vue-all-order-purchase	scm-vue-all-order-purchase/src/router/index.js:173	scm-vue-all-order-purchase/src/views/ReceivingAddress/addOrEdit.vue
/buyerCenter/receivingAddress/view	scm-vue-all-order-purchase	scm-vue-all-order-purchase/src/router/index.js:178	scm-vue-all-order-purchase/src/views/ReceivingAddress/addressView.vue
/buyerCenter/viewReceivingNote	scm-vue-all-order-purchase	scm-vue-all-order-purchase/src/router/index.js:264	scm-vue-all-order-purchase/src/views/receiptConfirm/viewReceivingNote.vue
/buyerCenter/welfareOrderApproval	scm-vue-all-order-purchase	scm-vue-all-order-purchase/src/router/index.js:133	scm-vue-all-order-purchase/src/views/welfareOrderApproval/index.vue
/confirmOrder	scm-vue-all-order-purchase	scm-vue-all-order-purchase/src/router/index.js:123	scm-vue-all-order-purchase/src/views/myPurchaseOrder/confirmOrder.vue
/receivingAndSend	scm-vue-all-order-purchase	scm-vue-all-order-purchase/src/router/index.js:238	scm-vue-all-order-purchase/src/views/afterSaleList/receivingAndSend.vue
/report/order/orderBillDiffList	scm-vue-all-order-purchase	scm-vue-all-order-purchase/src/router/index.js:300	scm-vue-all-order-purchase/src/views/orderReport/orderBillDiffList.vue
/report/order/reportAccountPeriodList	scm-vue-all-order-purchase	scm-vue-all-order-purchase/src/router/index.js:290	scm-vue-all-order-purchase/src/views/orderReport/reportAccountPeriodList.vue
/report/order/reportBillList	scm-vue-all-order-purchase	scm-vue-all-order-purchase/src/router/index.js:295	scm-vue-all-order-purchase/src/views/orderReport/reportBillList.vue
/report/order/reportDetailList	scm-vue-all-order-purchase	scm-vue-all-order-purchase/src/router/index.js:280	scm-vue-all-order-purchase/src/views/orderReport/reportDetailList.vue
/report/order/reportList	scm-vue-all-order-purchase	scm-vue-all-order-purchase/src/router/index.js:275	scm-vue-all-order-purchase/src/views/orderReport/reportList.vue
/report/order/reportTimeList	scm-vue-all-order-purchase	scm-vue-all-order-purchase/src/router/index.js:285	scm-vue-all-order-purchase/src/views/orderReport/reportTimeList.vue
/ticketInfoMgt/ticketAdd	scm-vue-all-order-purchase	scm-vue-all-order-purchase/src/router/index.js:206	scm-vue-all-order-purchase/src/views/ticketInfoMgt/addOrEdit.vue
/ticketInfoMgt/ticketDetail	scm-vue-all-order-purchase	scm-vue-all-order-purchase/src/router/index.js:211	scm-vue-all-order-purchase/src/views/ticketInfoMgt/ticketDetail.vue
/ticketInfoMgt/ticketList	scm-vue-all-order-purchase	scm-vue-all-order-purchase/src/router/index.js:201	scm-vue-all-order-purchase/src/views/ticketInfoMgt/index.vue
/	scm-vue-all-plan	scm-vue-all-plan/src/router/index.js:8	scm-vue-all-plan/src/views/Home.vue
/PurchasePlanQuery	scm-vue-all-plan	scm-vue-all-plan/src/router/index.js:147	scm-vue-all-plan/src/views/PurchasePlanQuery/index.vue
/PurchasePlanQuery/detail	scm-vue-all-plan	scm-vue-all-plan/src/router/index.js:152	scm-vue-all-plan/src/views/PurchasePlanQuery/detail.vue
/PurchasePlanQuery/sourcingDetails	scm-vue-all-plan	scm-vue-all-plan/src/router/index.js:160	scm-vue-all-plan/src/views/PurchasePlanQuery/sourcingDetails.vue
/needApprove/needApproveDetail	scm-vue-all-plan	scm-vue-all-plan/src/router/index.js:41	scm-vue-all-plan/src/views/needApprove/needApproveDetail.vue
/needPlan/bpmPlanSave	scm-vue-all-plan	scm-vue-all-plan/src/router/index.js:30	scm-vue-all-plan/src/views/needPlan/bpmSubmit.vue
/needPlan/detail	scm-vue-all-plan	scm-vue-all-plan/src/router/index.js:19	scm-vue-all-plan/src/views/needPlan/detail.vue
/needPlan/needApproveIndex	scm-vue-all-plan	scm-vue-all-plan/src/router/index.js:36	scm-vue-all-plan/src/views/needApprove/index.vue
/needPlan/needDistributeIndex	scm-vue-all-plan	scm-vue-all-plan/src/router/index.js:53	scm-vue-all-plan/src/views/needPlanDistribute/index.vue
/needPlan/needFollowIndex	scm-vue-all-plan	scm-vue-all-plan/src/router/index.js:47	scm-vue-all-plan/src/views/needPlanFollow/index.vue
/needPlan/planIndex	scm-vue-all-plan	scm-vue-all-plan/src/router/index.js:14	scm-vue-all-plan/src/views/needPlan/index.vue
/needPlan/planSave	scm-vue-all-plan	scm-vue-all-plan/src/router/index.js:24	scm-vue-all-plan/src/views/needPlan/saveOrSubmit.vue
/needPlan/search	scm-vue-all-plan	scm-vue-all-plan/src/router/index.js:59	scm-vue-all-plan/src/views/needPlanSearch/index.vue
/planMgt/planTracking	scm-vue-all-plan	scm-vue-all-plan/src/router/index.js:65	scm-vue-all-plan/src/views/planMgt/index.vue
/purchaseApprove/planApproveDetail	scm-vue-all-plan	scm-vue-all-plan/src/router/index.js:95	scm-vue-all-plan/src/views/purchaseApprove/purchaseApproveDetail.vue
/purchaseApprove/scmApproveDetail	scm-vue-all-plan	scm-vue-all-plan/src/router/index.js:100	scm-vue-all-plan/src/views/purchaseApprove/scmApproveDetail.vue
/purchasePlan/PlanDetailIndex	scm-vue-all-plan	scm-vue-all-plan/src/router/index.js:129	scm-vue-all-plan/src/views/purchasePlanDetail/index.vue
/purchasePlan/adjust	scm-vue-all-plan	scm-vue-all-plan/src/router/index.js:141	scm-vue-all-plan/src/views/purchasePlanAdjust/list.vue
/purchasePlan/authorizeeIndex	scm-vue-all-plan	scm-vue-all-plan/src/router/index.js:106	scm-vue-all-plan/src/views/purchasePlanAuthorize/authorizeeIndex.vue
/purchasePlan/detail	scm-vue-all-plan	scm-vue-all-plan/src/router/index.js:81	scm-vue-all-plan/src/views/purchasePlan/detail.vue
/purchasePlan/distributeIndex	scm-vue-all-plan	scm-vue-all-plan/src/router/index.js:117	scm-vue-all-plan/src/views/purchasePlanDistribute/index.vue
/purchasePlan/distributeIndexCollective	scm-vue-all-plan	scm-vue-all-plan/src/router/index.js:123	scm-vue-all-plan/src/views/purchasePlanDistribute/collectiveIndex.vue
/purchasePlan/purchaseApproveIndex	scm-vue-all-plan	scm-vue-all-plan/src/router/index.js:90	scm-vue-all-plan/src/views/purchaseApprove/index.vue
/purchasePlan/purchaseIndex	scm-vue-all-plan	scm-vue-all-plan/src/router/index.js:71	scm-vue-all-plan/src/views/purchasePlan/index.vue
/purchasePlan/purchaseSave	scm-vue-all-plan	scm-vue-all-plan/src/router/index.js:76	scm-vue-all-plan/src/views/purchasePlan/saveOrSubmit.vue
/purchasePlan/search	scm-vue-all-plan	scm-vue-all-plan/src/router/index.js:135	scm-vue-all-plan/src/views/purchasePlanSearch/index.vue
/purchasePlanAuthorize/authorizeeSave	scm-vue-all-plan	scm-vue-all-plan/src/router/index.js:111	scm-vue-all-plan/src/views/purchasePlanAuthorize/authorizeeSave.vue
/	scm-vue-all-platform	scm-vue-all-platform/src/router/index.js:8	scm-vue-all-platform/src/views/Home.vue
/actionLog/list	scm-vue-all-platform	scm-vue-all-platform/src/router/index.js:177	scm-vue-all-platform/src/views/actionLog/index.vue
/calendar	scm-vue-all-platform	scm-vue-all-platform/src/router/index.js:224	scm-vue-all-platform/src/views/calendar/Calendar.vue
/cms/add	scm-vue-all-platform	scm-vue-all-platform/src/router/index.js:20	scm-vue-all-platform/src/views/cms/add.vue
/cms/detail	scm-vue-all-platform	scm-vue-all-platform/src/router/index.js:28	scm-vue-all-platform/src/views/cms/detail.vue
/cms/list	scm-vue-all-platform	scm-vue-all-platform/src/router/index.js:15	scm-vue-all-platform/src/views/cms/index.vue
/epec/list	scm-vue-all-platform	scm-vue-all-platform/src/router/index.js:138	scm-vue-all-platform/src/views/epec/index.vue
/imgs/add	scm-vue-all-platform	scm-vue-all-platform/src/router/index.js:43	scm-vue-all-platform/src/views/imgsMgt/add.vue
/imgs/detail	scm-vue-all-platform	scm-vue-all-platform/src/router/index.js:51	scm-vue-all-platform/src/views/imgsMgt/detail.vue
/imgs/list	scm-vue-all-platform	scm-vue-all-platform/src/router/index.js:38	scm-vue-all-platform/src/views/imgsMgt/index.vue
/log/detail	scm-vue-all-platform	scm-vue-all-platform/src/router/index.js:66	scm-vue-all-platform/src/views/log/detail.vue
/log/list	scm-vue-all-platform	scm-vue-all-platform/src/router/index.js:61	scm-vue-all-platform/src/views/log/index.vue
/mqConfig/add	scm-vue-all-platform	scm-vue-all-platform/src/router/index.js:215	scm-vue-all-platform/src/views/mqConfig/add.vue
/mqConfig/detail	scm-vue-all-platform	scm-vue-all-platform/src/router/index.js:206	scm-vue-all-platform/src/views/mqConfig/detail.vue
/mqConfig/list	scm-vue-all-platform	scm-vue-all-platform/src/router/index.js:200	scm-vue-all-platform/src/views/mqConfig/index.vue
/mqLog/detail	scm-vue-all-platform	scm-vue-all-platform/src/router/index.js:190	scm-vue-all-platform/src/views/mqLog/detail.vue
/mqLog/list	scm-vue-all-platform	scm-vue-all-platform/src/router/index.js:184	scm-vue-all-platform/src/views/mqLog/index.vue
/notice/add	scm-vue-all-platform	scm-vue-all-platform/src/router/index.js:82	scm-vue-all-platform/src/views/notice/add.vue
/notice/agreementMgt	scm-vue-all-platform	scm-vue-all-platform/src/router/index.js:76	scm-vue-all-platform/src/views/notice/list.vue
/notice/agreementSignList	scm-vue-all-platform	scm-vue-all-platform/src/router/index.js:100	scm-vue-all-platform/src/views/agreementSignList/list.vue
/notice/detail	scm-vue-all-platform	scm-vue-all-platform/src/router/index.js:91	scm-vue-all-platform/src/views/notice/detail.vue
/notice/viewAgreementSign	scm-vue-all-platform	scm-vue-all-platform/src/router/index.js:106	scm-vue-all-platform/src/views/agreementSignList/detail.vue
/statics/add	scm-vue-all-platform	scm-vue-all-platform/src/router/index.js:120	scm-vue-all-platform/src/views/statics/add.vue
/statics/detail	scm-vue-all-platform	scm-vue-all-platform/src/router/index.js:128	scm-vue-all-platform/src/views/statics/detail.vue
/statics/list	scm-vue-all-platform	scm-vue-all-platform/src/router/index.js:115	scm-vue-all-platform/src/views/statics/index.vue
/verifyCode/list	scm-vue-all-platform	scm-vue-all-platform/src/router/index.js:169	scm-vue-all-platform/src/views/verifyCode/index.vue
/xlsMsg/add	scm-vue-all-platform	scm-vue-all-platform/src/router/index.js:151	scm-vue-all-platform/src/views/xlsMgt/add.vue
/xlsMsg/detail	scm-vue-all-platform	scm-vue-all-platform/src/router/index.js:159	scm-vue-all-platform/src/views/xlsMgt/detail.vue
/xlsMsg/list	scm-vue-all-platform	scm-vue-all-platform/src/router/index.js:146	scm-vue-all-platform/src/views/xlsMgt/index.vue
/	scm-vue-all-portal	scm-vue-all-portal/src/router/index.js:8	scm-vue-all-portal/src/views/Home/index.vue
/	scm-vue-all-procurementscheme	scm-vue-all-procurementscheme/src/router/index.js:8	scm-vue-all-procurementscheme/src/views/Home.vue
/approveMgt/SupplierShortlistReview	scm-vue-all-procurementscheme	scm-vue-all-procurementscheme/src/router/index.js:374	scm-vue-all-procurementscheme/src/views/approveMgt/SupplierShortlistReview/index.vue
/approveMgt/SupplierShortlistReview/detail	scm-vue-all-procurementscheme	scm-vue-all-procurementscheme/src/router/index.js:379	scm-vue-all-procurementscheme/src/views/approveMgt/SupplierShortlistReview/destail.vue
/approveMgt/applyCloseApproval	scm-vue-all-procurementscheme	scm-vue-all-procurementscheme/src/router/index.js:335	scm-vue-all-procurementscheme/src/views/approveMgt/applyTermination/index.vue
/approveMgt/applyCloseApproval/detail	scm-vue-all-procurementscheme	scm-vue-all-procurementscheme/src/router/index.js:340	scm-vue-all-procurementscheme/src/views/approveMgt/applyTermination/detail.vue
/approveMgt/applyCloseApproval/purchaseDetail	scm-vue-all-procurementscheme	scm-vue-all-procurementscheme/src/router/index.js:614	scm-vue-all-procurementscheme/src/views/approveMgt/applyTermination/purchaseDestail.vue
/approveMgt/applyTermination	scm-vue-all-procurementscheme	scm-vue-all-procurementscheme/src/router/index.js:388	scm-vue-all-procurementscheme/src/views/approveMgt/applyTermination/index.vue
/approveMgt/calibrationScheme	scm-vue-all-procurementscheme	scm-vue-all-procurementscheme/src/router/index.js:394	scm-vue-all-procurementscheme/src/views/approveMgt/calibrationScheme/index.vue
/approveMgt/calibrationScheme/detail	scm-vue-all-procurementscheme	scm-vue-all-procurementscheme/src/router/index.js:399	scm-vue-all-procurementscheme/src/views/approveMgt/calibrationScheme/destail.vue
/approveMgt/clarifyNotice	scm-vue-all-procurementscheme	scm-vue-all-procurementscheme/src/router/index.js:360	scm-vue-all-procurementscheme/src/views/approveMgt/clarifyNotice/index.vue
/approveMgt/clarifyNotice/detail	scm-vue-all-procurementscheme	scm-vue-all-procurementscheme/src/router/index.js:365	scm-vue-all-procurementscheme/src/views/approveMgt/clarifyNotice/destail.vue
/approveMgt/compulsoryDisclosureApproval	scm-vue-all-procurementscheme	scm-vue-all-procurementscheme/src/router/index.js:349	scm-vue-all-procurementscheme/src/views/approveMgt/compulsoryDisclosureApproval/index.vue
/approveMgt/compulsoryDisclosureApproval/detail	scm-vue-all-procurementscheme	scm-vue-all-procurementscheme/src/router/index.js:354	scm-vue-all-procurementscheme/src/views/approveMgt/compulsoryDisclosureApproval/destail.vue
/approveMgt/dealPlanApprovalMgt	scm-vue-all-procurementscheme	scm-vue-all-procurementscheme/src/router/index.js:289	scm-vue-all-procurementscheme/src/views/approveMgt/dealPlanApprovalMgt/list.vue
/approveMgt/dealPlanApprovalMgt/planApproval/:dealResultId?	scm-vue-all-procurementscheme	scm-vue-all-procurementscheme/src/router/index.js:295	scm-vue-all-procurementscheme/src/views/approveMgt/dealPlanApprovalMgt/planApproval.vue
/approveMgt/dealPlanApprovalMgt/planApprovalDetail/:dealResultId?	scm-vue-all-procurementscheme	scm-vue-all-procurementscheme/src/router/index.js:301	scm-vue-all-procurementscheme/src/views/approveMgt/dealPlanApprovalMgt/planApprovalDetail.vue
/approveMgt/enrollManage	scm-vue-all-procurementscheme	scm-vue-all-procurementscheme/src/router/index.js:269	scm-vue-all-procurementscheme/src/views/approveMgt/enrollManage/enrollManage.vue
/approveMgt/enrollManage/detail	scm-vue-all-procurementscheme	scm-vue-all-procurementscheme/src/router/index.js:274	scm-vue-all-procurementscheme/src/views/approveMgt/enrollManage/voucherForm.vue
/approveMgt/expertExtraction	scm-vue-all-procurementscheme	scm-vue-all-procurementscheme/src/router/index.js:408	scm-vue-all-procurementscheme/src/views/approveMgt/expertExtraction/list.vue
/approveMgt/expertExtraction/detail	scm-vue-all-procurementscheme	scm-vue-all-procurementscheme/src/router/index.js:414	scm-vue-all-procurementscheme/src/views/approveMgt/expertExtraction/detail.vue
/approveMgt/extensionApproval	scm-vue-all-procurementscheme	scm-vue-all-procurementscheme/src/router/index.js:321	scm-vue-all-procurementscheme/src/views/approveMgt/extensionApproval/index.vue
/approveMgt/extensionApproval/destail	scm-vue-all-procurementscheme	scm-vue-all-procurementscheme/src/router/index.js:326	scm-vue-all-procurementscheme/src/views/approveMgt/extensionApproval/destail.vue
/approveMgt/extensionApproval/purchaseDetail	scm-vue-all-procurementscheme	scm-vue-all-procurementscheme/src/router/index.js:623	scm-vue-all-procurementscheme/src/views/approveMgt/extensionApproval/purchaseDestail.vue
/approveMgt/increasedListApprove	scm-vue-all-procurementscheme	scm-vue-all-procurementscheme/src/router/index.js:520	scm-vue-all-procurementscheme/src/views/supplier/approve/index.vue
/approveMgt/purchaseDetail	scm-vue-all-procurementscheme	scm-vue-all-procurementscheme/src/router/index.js:599	scm-vue-all-procurementscheme/src/views/approveMgt/calibrationScheme/purchaseDestail.vue
/approveMgt/purchaseSchemeApproval	scm-vue-all-procurementscheme	scm-vue-all-procurementscheme/src/router/index.js:307	scm-vue-all-procurementscheme/src/views/approveMgt/purchaseSchemeApproval/index.vue
/approveMgt/purchaseSchemeApproval/destail	scm-vue-all-procurementscheme	scm-vue-all-procurementscheme/src/router/index.js:312	scm-vue-all-procurementscheme/src/views/approveMgt/purchaseSchemeApproval/destail.vue
/approveMgt/responseManage	scm-vue-all-procurementscheme	scm-vue-all-procurementscheme/src/router/index.js:283	scm-vue-all-procurementscheme/src/views/approveMgt/responseManage/responseManage.vue
/bargainPlanMgt/bargainPlanMgtList	scm-vue-all-procurementscheme	scm-vue-all-procurementscheme/src/router/index.js:207	scm-vue-all-procurementscheme/src/views/bargainPlanMgt/bargainPlanMgtList/index.vue
/bargainPlanMgt/editBargainPlanMgt/:schemeId?	scm-vue-all-procurementscheme	scm-vue-all-procurementscheme/src/router/index.js:213	scm-vue-all-procurementscheme/src/views/bargainPlanMgt/bargainPlanMgtList/editBargainPlanMgt.vue
/bargainPlanMgt/viewBargainPlanMgt/:schemeId?	scm-vue-all-procurementscheme	scm-vue-all-procurementscheme/src/router/index.js:219	scm-vue-all-procurementscheme/src/views/bargainPlanMgt/bargainPlanMgtList/viewBargainPlanMgt.vue
/bidSup/task	scm-vue-all-procurementscheme	scm-vue-all-procurementscheme/src/router/index.js:551	scm-vue-all-procurementscheme/src/views/bidSup/index.vue
/biddingMgt/bidAnnouncement	scm-vue-all-procurementscheme	scm-vue-all-procurementscheme/src/router/index.js:674	scm-vue-all-procurementscheme/src/views/biddingMgt/bidAnnouncement.vue
/biddingMgt/bidderMaintenance	scm-vue-all-procurementscheme	scm-vue-all-procurementscheme/src/router/index.js:701	scm-vue-all-procurementscheme/src/views/biddingMgt/bidderMaintenance.vue
/biddingMgt/correctionAnnouncement	scm-vue-all-procurementscheme	scm-vue-all-procurementscheme/src/router/index.js:683	scm-vue-all-procurementscheme/src/views/biddingMgt/correctionAnnouncement.vue
/biddingMgt/detail	scm-vue-all-procurementscheme	scm-vue-all-procurementscheme/src/router/index.js:710	scm-vue-all-procurementscheme/src/views/biddingMgt/detail.vue
/biddingMgt/winBidCandidateMgt	scm-vue-all-procurementscheme	scm-vue-all-procurementscheme/src/router/index.js:692	scm-vue-all-procurementscheme/src/views/biddingMgt/winBidCandidateMgt/index.vue
/businessManagementLedgerJC/coalPitDailyIndicator	scm-vue-all-procurementscheme	scm-vue-all-procurementscheme/src/router/index.js:719	scm-vue-all-procurementscheme/src/views/businessManagementLedgerJC/coalPitDailyIndicator/index.vue
/cebBiddingMgt/add	scm-vue-all-procurementscheme	scm-vue-all-procurementscheme/src/router/index.js:668	scm-vue-all-procurementscheme/src/views/biddingMgt/add.vue
/contentPublish/index	scm-vue-all-procurementscheme	scm-vue-all-procurementscheme/src/router/index.js:419	scm-vue-all-procurementscheme/src/views/ContentPublish/index.vue
/contract/enquiryChosenResult	scm-vue-all-procurementscheme	scm-vue-all-procurementscheme/src/router/index.js:432	scm-vue-all-procurementscheme/src/views/contract/enquiryChosenResult.vue
/contract/reviewResult	scm-vue-all-procurementscheme	scm-vue-all-procurementscheme/src/router/index.js:457	scm-vue-all-procurementscheme/src/views/contract/reviewResult.vue
/contract/standardPackageList	scm-vue-all-procurementscheme	scm-vue-all-procurementscheme/src/router/index.js:426	scm-vue-all-procurementscheme/src/views/contract/standardPackageList.vue
/contractPush	scm-vue-all-procurementscheme	scm-vue-all-procurementscheme/src/router/index.js:438	scm-vue-all-procurementscheme/src/views/contractPush/index.vue
/contractPush/detail	scm-vue-all-procurementscheme	scm-vue-all-procurementscheme/src/router/index.js:443	scm-vue-all-procurementscheme/src/views/contractPush/detail.vue
/contractPushDelete	scm-vue-all-procurementscheme	scm-vue-all-procurementscheme/src/router/index.js:452	scm-vue-all-procurementscheme/src/views/contractPushDelete/index.vue
/dynamicChart/:module/:type	scm-vue-all-procurementscheme	scm-vue-all-procurementscheme/src/router/index.js:662	scm-vue-all-procurementscheme/src/views/dynamicChart/index.vue
/dynamicMultipleTabs/:module/:type	scm-vue-all-procurementscheme	scm-vue-all-procurementscheme/src/router/index.js:644	scm-vue-all-procurementscheme/src/views/dynamicMultipleTabs/index.vue
/dynamicPage/:module/:type	scm-vue-all-procurementscheme	scm-vue-all-procurementscheme/src/router/index.js:650	scm-vue-all-procurementscheme/src/views/dynamicPage/index.vue
/dynamicReportPage/:module/:type	scm-vue-all-procurementscheme	scm-vue-all-procurementscheme/src/router/index.js:656	scm-vue-all-procurementscheme/src/views/dynamicReportPage/index.vue
/evaluateTask/examine	scm-vue-all-procurementscheme	scm-vue-all-procurementscheme/src/router/index.js:19	scm-vue-all-procurementscheme/src/views/evaluateTask/taskPage/examine.vue
/evaluateTask/examineBusiness	scm-vue-all-procurementscheme	scm-vue-all-procurementscheme/src/router/index.js:24	scm-vue-all-procurementscheme/src/views/evaluateTask/taskPage/examineBusiness.vue
/expertManage/expertIndex	scm-vue-all-procurementscheme	scm-vue-all-procurementscheme/src/router/index.js:30	scm-vue-all-procurementscheme/src/views/expertManage/expertIndex.vue
/expertResult/expertResultIndex	scm-vue-all-procurementscheme	scm-vue-all-procurementscheme/src/router/index.js:36	scm-vue-all-procurementscheme/src/views/expertResult/expertResultIndex.vue
/expertResult/settingLeader	scm-vue-all-procurementscheme	scm-vue-all-procurementscheme/src/router/index.js:41	scm-vue-all-procurementscheme/src/views/expertResult/settingLeader.vue
/expertReviewMgt/ReviewMgt	scm-vue-all-procurementscheme	scm-vue-all-procurementscheme/src/router/index.js:227	scm-vue-all-procurementscheme/src/views/ReviewMgt/index.vue
/expertReviewMgt/ReviewMgt/prepareReviewResults	scm-vue-all-procurementscheme	scm-vue-all-procurementscheme/src/router/index.js:263	scm-vue-all-procurementscheme/src/views/ReviewMgt/prepareReviewResults.vue
/expertReviewMgt/ReviewMgt/sumScoreDetail	scm-vue-all-procurementscheme	scm-vue-all-procurementscheme/src/router/index.js:251	scm-vue-all-procurementscheme/src/views/ReviewMgt/sumScoreDetail.vue
/expertReviewMgt/ReviewMgt/summaryScore	scm-vue-all-procurementscheme	scm-vue-all-procurementscheme/src/router/index.js:245	scm-vue-all-procurementscheme/src/views/ReviewMgt/summaryScore.vue
/expertReviewMgt/ReviewMgt/summaryScoreDetail	scm-vue-all-procurementscheme	scm-vue-all-procurementscheme/src/router/index.js:257	scm-vue-all-procurementscheme/src/views/ReviewMgt/summaryScoreDetail.vue
/expertReviewMgt/ReviewMgt/summaryScoreList	scm-vue-all-procurementscheme	scm-vue-all-procurementscheme/src/router/index.js:239	scm-vue-all-procurementscheme/src/views/ReviewMgt/summaryScoreList.vue
/expertReviewMgt/ReviewMgtDetail	scm-vue-all-procurementscheme	scm-vue-all-procurementscheme/src/router/index.js:233	scm-vue-all-procurementscheme/src/views/ReviewMgt/ReviewMgtDetail.vue
/expertReviewMgt/evaluateTask/taskIndex	scm-vue-all-procurementscheme	scm-vue-all-procurementscheme/src/router/index.js:14	scm-vue-all-procurementscheme/src/views/evaluateTask/taskIndex.vue
/marginLedger	scm-vue-all-procurementscheme	scm-vue-all-procurementscheme/src/router/index.js:632	scm-vue-all-procurementscheme/src/views/marginLedger/index.vue
/marginLedger/log	scm-vue-all-procurementscheme	scm-vue-all-procurementscheme/src/router/index.js:638	scm-vue-all-procurementscheme/src/views/marginLedger/log.vue
/procurementSchemeMgt/procurementMaintenanceScheme	scm-vue-all-procurementscheme	scm-vue-all-procurementscheme/src/router/index.js:69	scm-vue-all-procurementscheme/src/views/procurementSchemeMgt/procurementMaintenanceScheme/index.vue
/procurementSchemeMgt/procurementMaintenanceScheme/detail	scm-vue-all-procurementscheme	scm-vue-all-procurementscheme/src/router/index.js:79	scm-vue-all-procurementscheme/src/views/procurementSchemeMgt/procurementMaintenanceScheme/details.vue
/procurementSchemeMgt/procurementMaintenanceScheme/maindetails	scm-vue-all-procurementscheme	scm-vue-all-procurementscheme/src/router/index.js:74	scm-vue-all-procurementscheme/src/views/procurementSchemeMgt/procurementMaintenanceScheme/maindetails.vue
/procurementSchemeMgt/procurementPlanPreparation	scm-vue-all-procurementscheme	scm-vue-all-procurementscheme/src/router/index.js:47	scm-vue-all-procurementscheme/src/views/procurementSchemeMgt/procurementPlanPreparation/index.vue
/procurementSchemeMgt/procurementPlanPreparation/createPurchase	scm-vue-all-procurementscheme	scm-vue-all-procurementscheme/src/router/index.js:60	scm-vue-all-procurementscheme/src/views/procurementSchemeMgt/procurementPlanPreparation/createPurchase.vue
/procurementSchemeMgt/procurementPlanPreparation/preparationDetails	scm-vue-all-procurementscheme	scm-vue-all-procurementscheme/src/router/index.js:52	scm-vue-all-procurementscheme/src/views/procurementSchemeMgt/procurementPlanPreparation/createPurchase.vue
/procurementSourcingMgt/dealPlan/dealPlanDetail	scm-vue-all-procurementscheme	scm-vue-all-procurementscheme/src/router/index.js:200	scm-vue-all-procurementscheme/src/views/procurementSourcingMgt/procurementSourcingProcessMgt/components/dealPlanDetail.vue
/procurementSourcingMgt/procurementSourcingProcessMgt	scm-vue-all-procurementscheme	scm-vue-all-procurementscheme/src/router/index.js:89	scm-vue-all-procurementscheme/src/views/procurementSourcingMgt/procurementSourcingProcessMgt/index.vue
/procurementSourcingMgt/procurementSourcingProcessMgt/answerClarify	scm-vue-all-procurementscheme	scm-vue-all-procurementscheme/src/router/index.js:153	scm-vue-all-procurementscheme/src/views/procurementSourcingMgt/procurementSourcingProcessMgt/answerClarify.vue
/procurementSourcingMgt/procurementSourcingProcessMgt/bidDetail	scm-vue-all-procurementscheme	scm-vue-all-procurementscheme/src/router/index.js:181	scm-vue-all-procurementscheme/src/views/procurementSourcingMgt/procurementSourcingProcessMgt/bidDetail.vue
/procurementSourcingMgt/procurementSourcingProcessMgt/consultations	scm-vue-all-procurementscheme	scm-vue-all-procurementscheme/src/router/index.js:158	scm-vue-all-procurementscheme/src/views/procurementSourcingMgt/procurementSourcingProcessMgt/consultations.vue
/procurementSourcingMgt/procurementSourcingProcessMgt/delayNotice	scm-vue-all-procurementscheme	scm-vue-all-procurementscheme/src/router/index.js:487	scm-vue-all-procurementscheme/src/views/procurementSourcingMgt/procurementSourcingProcessMgt/delayNotice.vue
/procurementSourcingMgt/procurementSourcingProcessMgt/detail	scm-vue-all-procurementscheme	scm-vue-all-procurementscheme/src/router/index.js:163	scm-vue-all-procurementscheme/src/views/procurementSourcingMgt/procurementSourcingProcessMgt/detail.vue
/procurementSourcingMgt/procurementSourcingProcessMgt/noticeView	scm-vue-all-procurementscheme	scm-vue-all-procurementscheme/src/router/index.js:186	scm-vue-all-procurementscheme/src/views/procurementSourcingMgt/procurementSourcingProcessMgt/noticeView.vue
/procurementSourcingMgt/procurementSourcingProcessMgt/preparationBidScheme	scm-vue-all-procurementscheme	scm-vue-all-procurementscheme/src/router/index.js:191	scm-vue-all-procurementscheme/src/views/procurementSourcingMgt/procurementSourcingProcessMgt/preparationBidScheme.vue
/procurementSourcingMgt/procurementSourcingProcessMgt/prepareTransactionPlan	scm-vue-all-procurementscheme	scm-vue-all-procurementscheme/src/router/index.js:171	scm-vue-all-procurementscheme/src/views/procurementSourcingMgt/procurementSourcingProcessMgt/prepareTransactionPlan.vue
/procurementSourcingMgt/procurementSourcingProcessMgt/releaseNotice	scm-vue-all-procurementscheme	scm-vue-all-procurementscheme/src/router/index.js:145	scm-vue-all-procurementscheme/src/views/procurementSourcingMgt/procurementSourcingProcessMgt/releaseNotice.vue
/procurementSourcingMgt/procurementSourcingProcessMgt/scoreDetail	scm-vue-all-procurementscheme	scm-vue-all-procurementscheme/src/router/index.js:176	scm-vue-all-procurementscheme/src/views/procurementSourcingMgt/procurementSourcingProcessMgt/scoreDetail.vue
/procurementSourcingProcessMgt/bidding	scm-vue-all-procurementscheme	scm-vue-all-procurementscheme/src/router/index.js:119	scm-vue-all-procurementscheme/src/views/procurementSourcingMgt/procurementSourcingProcessMgt/index.vue
/procurementSourcingProcessMgt/biddingManagement	scm-vue-all-procurementscheme	scm-vue-all-procurementscheme/src/router/index.js:94	scm-vue-all-procurementscheme/src/views/procurementSourcingMgt/procurementSourcingProcessMgt/index.vue
/procurementSourcingProcessMgt/biddingRoom	scm-vue-all-procurementscheme	scm-vue-all-procurementscheme/src/router/index.js:124	scm-vue-all-procurementscheme/src/views/procurementSourcingMgt/procurementSourcingProcessMgt/biddingRoom.vue
/procurementSourcingProcessMgt/candidateMaintain	scm-vue-all-procurementscheme	scm-vue-all-procurementscheme/src/router/index.js:129	scm-vue-all-procurementscheme/src/views/procurementSourcingMgt/procurementSourcingProcessMgt/candidate/maintain.vue
/procurementSourcingProcessMgt/competitiveConversation	scm-vue-all-procurementscheme	scm-vue-all-procurementscheme/src/router/index.js:109	scm-vue-all-procurementscheme/src/views/procurementSourcingMgt/procurementSourcingProcessMgt/index.vue
/procurementSourcingProcessMgt/competitiveNegotiation	scm-vue-all-procurementscheme	scm-vue-all-procurementscheme/src/router/index.js:104	scm-vue-all-procurementscheme/src/views/procurementSourcingMgt/procurementSourcingProcessMgt/index.vue
/procurementSourcingProcessMgt/enquiryManagement	scm-vue-all-procurementscheme	scm-vue-all-procurementscheme/src/router/index.js:99	scm-vue-all-procurementscheme/src/views/procurementSourcingMgt/procurementSourcingProcessMgt/index.vue
/procurementSourcingProcessMgt/publishNotice	scm-vue-all-procurementscheme	scm-vue-all-procurementscheme/src/router/index.js:137	scm-vue-all-procurementscheme/src/views/procurementSourcingMgt/procurementSourcingProcessMgt/candidate/publishNotice.vue
/procurementSourcingProcessMgt/singleOrigin	scm-vue-all-procurementscheme	scm-vue-all-procurementscheme/src/router/index.js:114	scm-vue-all-procurementscheme/src/views/procurementSourcingMgt/procurementSourcingProcessMgt/index.vue
/purchase/prequalification	scm-vue-all-procurementscheme	scm-vue-all-procurementscheme/src/router/index.js:560	scm-vue-all-procurementscheme/src/views/prequalification/index.vue
/purchase/prequalificationInfo/detail	scm-vue-all-procurementscheme	scm-vue-all-procurementscheme/src/router/index.js:566	scm-vue-all-procurementscheme/src/views/prequalification/procurementMaintenanceScheme/details.vue
/purchase/prequalificationManage	scm-vue-all-procurementscheme	scm-vue-all-procurementscheme/src/router/index.js:575	scm-vue-all-procurementscheme/src/views/prequalification/manage/index.vue
/purchase/prequalificationManageDetail	scm-vue-all-procurementscheme	scm-vue-all-procurementscheme/src/router/index.js:590	scm-vue-all-procurementscheme/src/views/prequalification/manage/detail.vue
/purchase/prequalificationManageInfo/preparation	scm-vue-all-procurementscheme	scm-vue-all-procurementscheme/src/router/index.js:581	scm-vue-all-procurementscheme/src/views/prequalification/manage/preparationPreScheme.vue
/queryLedgerOfProcurementPlan	scm-vue-all-procurementscheme	scm-vue-all-procurementscheme/src/router/index.js:725	scm-vue-all-procurementscheme/src/views/queryLedgerOfProcurementPlan/index.vue
/reportForms/:purchaseRepot	scm-vue-all-procurementscheme	scm-vue-all-procurementscheme/src/router/index.js:463	scm-vue-all-procurementscheme/src/views/reportForms/index.vue
/reportFormsNext/:purchaseRepot	scm-vue-all-procurementscheme	scm-vue-all-procurementscheme/src/router/index.js:469	scm-vue-all-procurementscheme/src/views/reportForms/showTable.vue
/reviewTemplate	scm-vue-all-procurementscheme	scm-vue-all-procurementscheme/src/router/index.js:529	scm-vue-all-procurementscheme/src/views/reviewTemplate/index.vue
/reviewTemplate/add	scm-vue-all-procurementscheme	scm-vue-all-procurementscheme/src/router/index.js:534	scm-vue-all-procurementscheme/src/views/reviewTemplate/add.vue
/reviewTemplate/detail	scm-vue-all-procurementscheme	scm-vue-all-procurementscheme/src/router/index.js:542	scm-vue-all-procurementscheme/src/views/reviewTemplate/detail.vue
/supplier/increasedList	scm-vue-all-procurementscheme	scm-vue-all-procurementscheme/src/router/index.js:496	scm-vue-all-procurementscheme/src/views/supplier/index.vue
/supplier/increasedListAdd	scm-vue-all-procurementscheme	scm-vue-all-procurementscheme/src/router/index.js:502	scm-vue-all-procurementscheme/src/views/supplier/increasedListAdd.vue
/supplier/increasedListDetail	scm-vue-all-procurementscheme	scm-vue-all-procurementscheme/src/router/index.js:511	scm-vue-all-procurementscheme/src/views/supplier/detail/index.vue
/supplierReportForms/:purchaseRepot	scm-vue-all-procurementscheme	scm-vue-all-procurementscheme/src/router/index.js:475	scm-vue-all-procurementscheme/src/views/supplierReportForms/index.vue
/supplierReportFormsNext/:purchaseRepot	scm-vue-all-procurementscheme	scm-vue-all-procurementscheme/src/router/index.js:481	scm-vue-all-procurementscheme/src/views/supplierReportForms/showTable.vue
/suppliter/directory	scm-vue-all-procurementscheme	scm-vue-all-procurementscheme/src/router/index.js:608	scm-vue-all-procurementscheme/src/views/suppliterEnter/directory/index.vue
/	scm-vue-all-productmgt	scm-vue-all-productmgt/src/router/index.js:8	scm-vue-all-productmgt/src/views/Home.vue
/OADemandList	scm-vue-all-productmgt	scm-vue-all-productmgt/src/router/index.js:384	scm-vue-all-productmgt/src/views/OADemandList/index.vue
/OADemandListSearch	scm-vue-all-productmgt	scm-vue-all-productmgt/src/router/index.js:390	scm-vue-all-productmgt/src/views/OADemandList/search.vue
/ProductPriceAdjustApproval	scm-vue-all-productmgt	scm-vue-all-productmgt/src/router/index.js:408	scm-vue-all-productmgt/src/views/ProductPriceAdjustApproval/index.vue
/ProductPriceAdjustMgt	scm-vue-all-productmgt	scm-vue-all-productmgt/src/router/index.js:402	scm-vue-all-productmgt/src/views/ProductPriceAdjustMgt/index.vue
/ProductReviewMgt/productOffShelfCheck	scm-vue-all-productmgt	scm-vue-all-productmgt/src/router/index.js:220	scm-vue-all-productmgt/src/views/ProductReviewMgt/productOffShelfCheck/index.vue
/ProductReviewMgt/productOnShelfCheck	scm-vue-all-productmgt	scm-vue-all-productmgt/src/router/index.js:192	scm-vue-all-productmgt/src/views/ProductReviewMgt/productOnShelfCheck/index.vue
/ProductReviewMgt/productOnShelfCheck/detail	scm-vue-all-productmgt	scm-vue-all-productmgt/src/router/index.js:197	scm-vue-all-productmgt/src/views/ProductReviewMgt/productOnShelfCheck/detail.vue
/associatedMaterialCode	scm-vue-all-productmgt	scm-vue-all-productmgt/src/router/index.js:292	scm-vue-all-productmgt/src/views/associatedMaterialCode/index.vue
/associatedMaterialCode/query	scm-vue-all-productmgt	scm-vue-all-productmgt/src/router/index.js:298	scm-vue-all-productmgt/src/views/associatedMaterialCode/query.vue
/channelMessageMgt	scm-vue-all-productmgt	scm-vue-all-productmgt/src/router/index.js:260	scm-vue-all-productmgt/src/views/channelMessageMgt/index.vue
/channelMessageMgt/add	scm-vue-all-productmgt	scm-vue-all-productmgt/src/router/index.js:265	scm-vue-all-productmgt/src/views/channelMessageMgt/add.vue
/channelMgt	scm-vue-all-productmgt	scm-vue-all-productmgt/src/router/index.js:246	scm-vue-all-productmgt/src/views/channelMgt/index.vue
/channelMgt/add	scm-vue-all-productmgt	scm-vue-all-productmgt/src/router/index.js:251	scm-vue-all-productmgt/src/views/channelMgt/add.vue
/configMaterialCategory	scm-vue-all-productmgt	scm-vue-all-productmgt/src/router/index.js:350	scm-vue-all-productmgt/src/views/configMaterialCategory/index.vue
/configMaterialCategory/add	scm-vue-all-productmgt	scm-vue-all-productmgt/src/router/index.js:355	scm-vue-all-productmgt/src/views/configMaterialCategory/add.vue
/contractPushMall	scm-vue-all-productmgt	scm-vue-all-productmgt/src/router/index.js:286	scm-vue-all-productmgt/src/views/contractPushMall/index.vue
/contractReport	scm-vue-all-productmgt	scm-vue-all-productmgt/src/router/index.js:497	scm-vue-all-productmgt/src/views/reportMgt/contractReport/index.vue
/disposalResultMgt	scm-vue-all-productmgt	scm-vue-all-productmgt/src/router/index.js:471	scm-vue-all-productmgt/src/views/idleMaterial/disposalResultMgt/index.vue
/disposalResultMgt/add	scm-vue-all-productmgt	scm-vue-all-productmgt/src/router/index.js:476	scm-vue-all-productmgt/src/views/idleMaterial/disposalResultMgt/add.vue
/enterpriseBuyReport	scm-vue-all-productmgt	scm-vue-all-productmgt/src/router/index.js:539	scm-vue-all-productmgt/src/views/reportMgt/enterpriseBuyReport/index.vue
/enterpriseBuyReport/comparePrice	scm-vue-all-productmgt	scm-vue-all-productmgt/src/router/index.js:551	scm-vue-all-productmgt/src/views/reportMgt/enterpriseBuyReport/comparePrice.vue
/enterpriseBuyReport/confirmCount	scm-vue-all-productmgt	scm-vue-all-productmgt/src/router/index.js:545	scm-vue-all-productmgt/src/views/reportMgt/enterpriseBuyReport/confirmCount.vue
/evaluateReport	scm-vue-all-productmgt	scm-vue-all-productmgt/src/router/index.js:459	scm-vue-all-productmgt/src/views/evaluateReport/index.vue
/evaluateReport/supplier	scm-vue-all-productmgt	scm-vue-all-productmgt/src/router/index.js:465	scm-vue-all-productmgt/src/views/evaluateReport/supplier.vue
/evaluationTemplateMgt	scm-vue-all-productmgt	scm-vue-all-productmgt/src/router/index.js:414	scm-vue-all-productmgt/src/views/evaluationTemplateMgt/index.vue
/evaluationTemplateMgt/add	scm-vue-all-productmgt	scm-vue-all-productmgt/src/router/index.js:425	scm-vue-all-productmgt/src/views/evaluationTemplateMgt/add.vue
/evaluationTemplateMgt/query	scm-vue-all-productmgt	scm-vue-all-productmgt/src/router/index.js:420	scm-vue-all-productmgt/src/views/evaluationTemplateMgt/query.vue
/factoryProOrgMgt	scm-vue-all-productmgt	scm-vue-all-productmgt/src/router/index.js:336	scm-vue-all-productmgt/src/views/factoryProOrgMgt/index.vue
/factoryProOrgMgt/add	scm-vue-all-productmgt	scm-vue-all-productmgt/src/router/index.js:341	scm-vue-all-productmgt/src/views/factoryProOrgMgt/add.vue
/idleMaterialLedger	scm-vue-all-productmgt	scm-vue-all-productmgt/src/router/index.js:485	scm-vue-all-productmgt/src/views/idleMaterial/idleMaterialLedger/index.vue
/idleMaterialMgt	scm-vue-all-productmgt	scm-vue-all-productmgt/src/router/index.js:431	scm-vue-all-productmgt/src/views/idleMaterial/idleMaterialMgt/index.vue
/idleMaterialMgt/add	scm-vue-all-productmgt	scm-vue-all-productmgt/src/router/index.js:436	scm-vue-all-productmgt/src/views/idleMaterial/idleMaterialMgt/add.vue
/idleMaterialMgt/detail	scm-vue-all-productmgt	scm-vue-all-productmgt/src/router/index.js:444	scm-vue-all-productmgt/src/views/idleMaterial/idleMaterialMgt/detail.vue
/internalCollaboration/matterColumnMan	scm-vue-all-productmgt	scm-vue-all-productmgt/src/router/index.js:575	scm-vue-all-productmgt/src/views/internalCollaboration/matterColumnMan/index.vue
/manageWelfareProduct/welfareProductDownShelf	scm-vue-all-productmgt	scm-vue-all-productmgt/src/router/index.js:55	scm-vue-all-productmgt/src/views/manageWelfareProduct/welfareProductDownShelf/index.vue
/manageWelfareProduct/welfareProductOffShelfCheck	scm-vue-all-productmgt	scm-vue-all-productmgt/src/router/index.js:226	scm-vue-all-productmgt/src/views/manageWelfareProduct/welfareProductOffShelfCheck/index.vue
/manageWelfareProduct/welfareProductOnShelf	scm-vue-all-productmgt	scm-vue-all-productmgt/src/router/index.js:34	scm-vue-all-productmgt/src/views/manageWelfareProduct/welfareProductOnShelf/index.vue
/manageWelfareProduct/welfareProductOnShelf/Detail	scm-vue-all-productmgt	scm-vue-all-productmgt/src/router/index.js:40	scm-vue-all-productmgt/src/views/manageWelfareProduct/welfareProductOnShelf/Detail.vue
/manageWelfareProduct/welfareProductOnShelfCheck	scm-vue-all-productmgt	scm-vue-all-productmgt/src/router/index.js:206	scm-vue-all-productmgt/src/views/manageWelfareProduct/welfareProductOnShelfCheck/index.vue
/manageWelfareProduct/welfareProductOnShelfCheck/detail	scm-vue-all-productmgt	scm-vue-all-productmgt/src/router/index.js:211	scm-vue-all-productmgt/src/views/manageWelfareProduct/welfareProductOnShelfCheck/detail.vue
/nbxtConsultingStaReport	scm-vue-all-productmgt	scm-vue-all-productmgt/src/router/index.js:557	scm-vue-all-productmgt/src/views/reportMgt/nbxtConsultingStaReport/index.vue
/nbxtOrderReport	scm-vue-all-productmgt	scm-vue-all-productmgt/src/router/index.js:563	scm-vue-all-productmgt/src/views/reportMgt/nbxtOrderReport/index.vue
/nbxtTransactionDataReport	scm-vue-all-productmgt	scm-vue-all-productmgt/src/router/index.js:569	scm-vue-all-productmgt/src/views/reportMgt/nbxtTransactionDataReport/index.vue
/orderReport	scm-vue-all-productmgt	scm-vue-all-productmgt/src/router/index.js:491	scm-vue-all-productmgt/src/views/reportMgt/orderReport/index.vue
/planApproval	scm-vue-all-productmgt	scm-vue-all-productmgt/src/router/index.js:322	scm-vue-all-productmgt/src/views/planApproval/index.vue
/planApproval/detail	scm-vue-all-productmgt	scm-vue-all-productmgt/src/router/index.js:327	scm-vue-all-productmgt/src/views/planApproval/detail.vue
/priceCompareConfigMgt	scm-vue-all-productmgt	scm-vue-all-productmgt/src/router/index.js:453	scm-vue-all-productmgt/src/views/priceCompareConfigMgt/index.vue
/procurementPlanMgt	scm-vue-all-productmgt	scm-vue-all-productmgt/src/router/index.js:232	scm-vue-all-productmgt/src/views/procurementPlanMgt/index.vue
/procurementPlanMgt/detail	scm-vue-all-productmgt	scm-vue-all-productmgt/src/router/index.js:237	scm-vue-all-productmgt/src/views/procurementPlanMgt/detail.vue
/procurementScopeConfig	scm-vue-all-productmgt	scm-vue-all-productmgt/src/router/index.js:304	scm-vue-all-productmgt/src/views/procurementScopeConfig/index.vue
/procurementScopeQuery	scm-vue-all-productmgt	scm-vue-all-productmgt/src/router/index.js:310	scm-vue-all-productmgt/src/views/procurementScopeConfig/index.vue
/productCategoryMgt/GuideCategoryList	scm-vue-all-productmgt	scm-vue-all-productmgt/src/router/index.js:130	scm-vue-all-productmgt/src/views/productCategoryMgt/FrontendCategoryMgt/index.vue
/productCategoryMgt/GuideCategoryList/detail	scm-vue-all-productmgt	scm-vue-all-productmgt/src/router/index.js:135	scm-vue-all-productmgt/src/views/productCategoryMgt/FrontendCategoryMgt/Detail.vue
/productCategoryMgt/ProductCategoryList	scm-vue-all-productmgt	scm-vue-all-productmgt/src/router/index.js:110	scm-vue-all-productmgt/src/views/productCategoryMgt/BackendCategoryMgt/index.vue
/productCategoryMgt/ProductCategoryList/detail	scm-vue-all-productmgt	scm-vue-all-productmgt/src/router/index.js:115	scm-vue-all-productmgt/src/views/productCategoryMgt/BackendCategoryMgt/Detail.vue
/productCategoryMgt/ProductCategoryList/query	scm-vue-all-productmgt	scm-vue-all-productmgt/src/router/index.js:124	scm-vue-all-productmgt/src/views/productCategoryMgt/BackendCategoryMgt/query.vue
/productCategoryMgt/ProductSPU	scm-vue-all-productmgt	scm-vue-all-productmgt/src/router/index.js:145	scm-vue-all-productmgt/src/views/productCategoryMgt/SPUMgt/index.vue
/productCategoryMgt/ProductSPU/add	scm-vue-all-productmgt	scm-vue-all-productmgt/src/router/index.js:160	scm-vue-all-productmgt/src/views/productCategoryMgt/SPUMgt/Add.vue
/productCategoryMgt/ProductSPU/detail	scm-vue-all-productmgt	scm-vue-all-productmgt/src/router/index.js:155	scm-vue-all-productmgt/src/views/productCategoryMgt/SPUMgt/Detail.vue
/productCategoryMgt/ProductSPU/preview	scm-vue-all-productmgt	scm-vue-all-productmgt/src/router/index.js:150	scm-vue-all-productmgt/src/views/productCategoryMgt/SPUMgt/Preview.vue
/productMgt/ProductDownShelf	scm-vue-all-productmgt	scm-vue-all-productmgt/src/router/index.js:49	scm-vue-all-productmgt/src/views/productMgt/ProductDownShelf/index.vue
/productMgt/ProductInfoModify	scm-vue-all-productmgt	scm-vue-all-productmgt/src/router/index.js:65	scm-vue-all-productmgt/src/views/productMgt/ProductPublishMgt/Detail.vue
/productMgt/ProductLabeledList	scm-vue-all-productmgt	scm-vue-all-productmgt/src/router/index.js:76	scm-vue-all-productmgt/src/views/productMgt/ProductLabelMgt/index.vue
/productMgt/ProductOnShelf	scm-vue-all-productmgt	scm-vue-all-productmgt/src/router/index.js:14	scm-vue-all-productmgt/src/views/productMgt/ProductOnShelf/index.vue
/productMgt/ProductRelease	scm-vue-all-productmgt	scm-vue-all-productmgt/src/router/index.js:60	scm-vue-all-productmgt/src/views/productMgt/ProductPublishMgt/index.vue
/productMgt/RecoProductList	scm-vue-all-productmgt	scm-vue-all-productmgt/src/router/index.js:96	scm-vue-all-productmgt/src/views/productMgt/RecommendProductMgt/index.vue
/productMgt/RecoProductTypeList	scm-vue-all-productmgt	scm-vue-all-productmgt/src/router/index.js:82	scm-vue-all-productmgt/src/views/productMgt/RecommendProductTypeMgt/index.vue
/productMgt/brandMgt	scm-vue-all-productmgt	scm-vue-all-productmgt/src/router/index.js:178	scm-vue-all-productmgt/src/views/productMgt/brandMgt/index.vue
/productMgt/brandMgt/add	scm-vue-all-productmgt	scm-vue-all-productmgt/src/router/index.js:183	scm-vue-all-productmgt/src/views/productMgt/brandMgt/add.vue
/productMgt/productInfoCreate	scm-vue-all-productmgt	scm-vue-all-productmgt/src/router/index.js:71	scm-vue-all-productmgt/src/views/productMgt/ProductPublishMgt/Create.vue
/productMgt/productShelveDetail	scm-vue-all-productmgt	scm-vue-all-productmgt/src/router/index.js:20	scm-vue-all-productmgt/src/views/productMgt/ProductOnShelf/Detail.vue
/productMgt/productSkuList	scm-vue-all-productmgt	scm-vue-all-productmgt/src/router/index.js:28	scm-vue-all-productmgt/src/views/productMgt/ProductOnShelf/SettingStepPrice.vue
/productMgt/recommendProductDetail	scm-vue-all-productmgt	scm-vue-all-productmgt/src/router/index.js:101	scm-vue-all-productmgt/src/views/productMgt/RecommendProductMgt/Detail.vue
/productMgt/recommendProductTypeDetail	scm-vue-all-productmgt	scm-vue-all-productmgt/src/router/index.js:87	scm-vue-all-productmgt/src/views/productMgt/RecommendProductTypeMgt/add.vue
/productPropertyMgt/ProductAttributeList	scm-vue-all-productmgt	scm-vue-all-productmgt/src/router/index.js:172	scm-vue-all-productmgt/src/views/productPropertyMgt/HorizontalPropertyMgt/index.vue
/productPropertyMgt/ProductComAttrList	scm-vue-all-productmgt	scm-vue-all-productmgt/src/router/index.js:166	scm-vue-all-productmgt/src/views/productPropertyMgt/ProductLabelTypeMgt/index.vue
/productReport	scm-vue-all-productmgt	scm-vue-all-productmgt/src/router/index.js:274	scm-vue-all-productmgt/src/views/productReport/index.vue
/purchaseApplyQuery	scm-vue-all-productmgt	scm-vue-all-productmgt/src/router/index.js:396	scm-vue-all-productmgt/src/views/purchaseApplyQuery/index.vue
/queryMaterialCategory	scm-vue-all-productmgt	scm-vue-all-productmgt/src/router/index.js:378	scm-vue-all-productmgt/src/views/queryMaterialCategory/index.vue
/saleReport	scm-vue-all-productmgt	scm-vue-all-productmgt/src/router/index.js:527	scm-vue-all-productmgt/src/views/reportMgt/saleReport/index.vue
/saleReport/saleChild	scm-vue-all-productmgt	scm-vue-all-productmgt/src/router/index.js:533	scm-vue-all-productmgt/src/views/reportMgt/saleReport/saleChild.vue
/serviceConfig	scm-vue-all-productmgt	scm-vue-all-productmgt/src/router/index.js:316	scm-vue-all-productmgt/src/views/serviceConfig/index.vue
/supplierClassifyConfig	scm-vue-all-productmgt	scm-vue-all-productmgt/src/router/index.js:364	scm-vue-all-productmgt/src/views/supplierClassifyConfig/index.vue
/supplierClassifyConfig/add	scm-vue-all-productmgt	scm-vue-all-productmgt/src/router/index.js:369	scm-vue-all-productmgt/src/views/supplierClassifyConfig/add.vue
/transactionReport	scm-vue-all-productmgt	scm-vue-all-productmgt/src/router/index.js:503	scm-vue-all-productmgt/src/views/reportMgt/transactionReport/index.vue
/transactionReport/confirmCount	scm-vue-all-productmgt	scm-vue-all-productmgt/src/router/index.js:509	scm-vue-all-productmgt/src/views/reportMgt/transactionReport/confirmCount.vue
/transactionReport/sendCount	scm-vue-all-productmgt	scm-vue-all-productmgt/src/router/index.js:515	scm-vue-all-productmgt/src/views/reportMgt/transactionReport/sendCount.vue
/transactionReport/transactionChild	scm-vue-all-productmgt	scm-vue-all-productmgt/src/router/index.js:521	scm-vue-all-productmgt/src/views/reportMgt/transactionReport/transactionChild.vue
/welfareProductReport	scm-vue-all-productmgt	scm-vue-all-productmgt/src/router/index.js:280	scm-vue-all-productmgt/src/views/welfareProductReport/index.vue
/	scm-vue-all-purchasemgt-supplier	scm-vue-all-purchasemgt-supplier/src/router/index.js:8	scm-vue-all-purchasemgt-supplier/src/views/procurementSourcingProcessMgt/index.vue
/announcement	scm-vue-all-purchasemgt-supplier	scm-vue-all-purchasemgt-supplier/src/router/index.js:111	scm-vue-all-purchasemgt-supplier/src/views/announcement/index.vue
/bargainPlanMgt/bargainPlanMgtList	scm-vue-all-purchasemgt-supplier	scm-vue-all-purchasemgt-supplier/src/router/index.js:89	scm-vue-all-purchasemgt-supplier/src/views/bargainPlanMgt/index.vue
/bargainPlanMgt/detail	scm-vue-all-purchasemgt-supplier	scm-vue-all-purchasemgt-supplier/src/router/index.js:94	scm-vue-all-purchasemgt-supplier/src/views/bargainPlanMgt/detail.vue
/bargainPlanMgt/noticeView	scm-vue-all-purchasemgt-supplier	scm-vue-all-purchasemgt-supplier/src/router/index.js:102	scm-vue-all-purchasemgt-supplier/src/views/bargainPlanMgt/noticeView.vue
/content	scm-vue-all-purchasemgt-supplier	scm-vue-all-purchasemgt-supplier/src/router/index.js:116	scm-vue-all-purchasemgt-supplier/src/views/announcement/content.vue
/details	scm-vue-all-purchasemgt-supplier	scm-vue-all-purchasemgt-supplier/src/router/index.js:124	scm-vue-all-purchasemgt-supplier/src/views/announcement/pdf.vue
/enrollManage/detailEnrollIndex	scm-vue-all-purchasemgt-supplier	scm-vue-all-purchasemgt-supplier/src/router/index.js:60	scm-vue-all-purchasemgt-supplier/src/views/enrollManage/detailEnrollIndex.vue
/enrollManage/enrollIndex	scm-vue-all-purchasemgt-supplier	scm-vue-all-purchasemgt-supplier/src/router/index.js:54	scm-vue-all-purchasemgt-supplier/src/views/enrollManage/enrollIndex.vue
/enrollManage/payDetail	scm-vue-all-purchasemgt-supplier	scm-vue-all-purchasemgt-supplier/src/router/index.js:68	scm-vue-all-purchasemgt-supplier/src/views/enrollManage/payDetail.vue
/prequalification/approveUpload	scm-vue-all-purchasemgt-supplier	scm-vue-all-purchasemgt-supplier/src/router/index.js:133	scm-vue-all-purchasemgt-supplier/src/views/prequalification/approveUpload.vue
/procurementSourcingProcessMgt	scm-vue-all-purchasemgt-supplier	scm-vue-all-purchasemgt-supplier/src/router/index.js:14	scm-vue-all-purchasemgt-supplier/src/views/procurementSourcingProcessMgt/index.vue
/procurementSourcingProcessMgt/answerClarify	scm-vue-all-purchasemgt-supplier	scm-vue-all-purchasemgt-supplier/src/router/index.js:35	scm-vue-all-purchasemgt-supplier/src/views/procurementSourcingProcessMgt/answerClarify.vue
/procurementSourcingProcessMgt/biddingRoom	scm-vue-all-purchasemgt-supplier	scm-vue-all-purchasemgt-supplier/src/router/index.js:48	scm-vue-all-purchasemgt-supplier/src/views/procurementSourcingProcessMgt/biddingRoom.vue
/procurementSourcingProcessMgt/detail	scm-vue-all-purchasemgt-supplier	scm-vue-all-purchasemgt-supplier/src/router/index.js:27	scm-vue-all-purchasemgt-supplier/src/views/procurementSourcingProcessMgt/detail.vue
/procurementSourcingProcessMgt/noticeView	scm-vue-all-purchasemgt-supplier	scm-vue-all-purchasemgt-supplier/src/router/index.js:43	scm-vue-all-purchasemgt-supplier/src/views/procurementSourcingProcessMgt/noticeView.vue
/procurementSourcingProcessMgt/quotedPrice	scm-vue-all-purchasemgt-supplier	scm-vue-all-purchasemgt-supplier/src/router/index.js:19	scm-vue-all-purchasemgt-supplier/src/views/procurementSourcingProcessMgt/quotedPrice.vue
/responseManage/detailResponseIndex	scm-vue-all-purchasemgt-supplier	scm-vue-all-purchasemgt-supplier/src/router/index.js:80	scm-vue-all-purchasemgt-supplier/src/views/responseManage/detailResponseIndex.vue
/responseManage/responseIndex	scm-vue-all-purchasemgt-supplier	scm-vue-all-purchasemgt-supplier/src/router/index.js:74	scm-vue-all-purchasemgt-supplier/src/views/responseManage/responseIndex.vue
/	scm-vue-all-register	scm-vue-all-register/src/router/index.js:8	scm-vue-all-register/src/views/registered/index.vue
/expertsRegistered	scm-vue-all-register	scm-vue-all-register/src/router/index.js:21	scm-vue-all-register/src/views/expertsRegistered/register.vue
/registered	scm-vue-all-register	scm-vue-all-register/src/router/index.js:15	scm-vue-all-register/src/views/registered/index.vue
/result	scm-vue-all-register	scm-vue-all-register/src/router/index.js:27	scm-vue-all-register/src/views/result/index.vue
/result/expertResult	scm-vue-all-register	scm-vue-all-register/src/router/index.js:33	scm-vue-all-register/src/views/result/expertResult.vue
/	scm-vue-all-supplier-workbench	scm-vue-all-supplier-workbench/src/router/index.js:11	scm-vue-all-supplier-workbench/src/views/Home.vue
/msgList	scm-vue-all-supplier-workbench	scm-vue-all-supplier-workbench/src/router/index.js:22	scm-vue-all-supplier-workbench/src/views/workbench/msgList.vue
/supperDetail	scm-vue-all-supplier-workbench	scm-vue-all-supplier-workbench/src/router/index.js:16	scm-vue-all-supplier-workbench/src/views/workbench/SupperDetail.vue
/	scm-vue-all-template	scm-vue-all-template/src/router/index.js:8	scm-vue-all-template/src/views/Home.vue
/templateMgt/addvariable	scm-vue-all-template	scm-vue-all-template/src/router/index.js:21	scm-vue-all-template/src/views/variableLibrary/addVariable.vue
/templateMgt/businessReviewTemplate	scm-vue-all-template	scm-vue-all-template/src/router/index.js:86	scm-vue-all-template/src/views/businessReviewTemplate/index.vue
/templateMgt/businessReviewTemplate/add	scm-vue-all-template	scm-vue-all-template/src/router/index.js:91	scm-vue-all-template/src/views/businessReviewTemplate/addOrEdit.vue
/templateMgt/businessReviewTemplate/detail	scm-vue-all-template	scm-vue-all-template/src/router/index.js:96	scm-vue-all-template/src/views/businessReviewTemplate/detail.vue
/templateMgt/distributionView	scm-vue-all-template	scm-vue-all-template/src/router/index.js:29	scm-vue-all-template/src/views/distributionView/index.vue
/templateMgt/distributionView/add	scm-vue-all-template	scm-vue-all-template/src/router/index.js:34	scm-vue-all-template/src/views/distributionView/addOrEdit.vue
/templateMgt/distributionView/view	scm-vue-all-template	scm-vue-all-template/src/router/index.js:39	scm-vue-all-template/src/views/distributionView/distriView.vue
/templateMgt/reviewTemplateEnableMgt	scm-vue-all-template	scm-vue-all-template/src/router/index.js:75	scm-vue-all-template/src/views/reviewTemplateEnableMgt/index.vue
/templateMgt/reviewTemplateEnableMgt/add	scm-vue-all-template	scm-vue-all-template/src/router/index.js:80	scm-vue-all-template/src/views/reviewTemplateEnableMgt/add.vue
/templateMgt/reviewTemplateMgt	scm-vue-all-template	scm-vue-all-template/src/router/index.js:64	scm-vue-all-template/src/views/reviewTemplateMgt/index.vue
/templateMgt/reviewTemplateMgt/add	scm-vue-all-template	scm-vue-all-template/src/router/index.js:69	scm-vue-all-template/src/views/reviewTemplateMgt/addOrEdit.vue
/templateMgt/supplierEvaluationTemplateEnableMgt	scm-vue-all-template	scm-vue-all-template/src/router/index.js:113	scm-vue-all-template/src/views/supplierEvaluationTemplateEnableMgt/index.vue
/templateMgt/supplierEvaluationTemplateEnableMgt/add	scm-vue-all-template	scm-vue-all-template/src/router/index.js:118	scm-vue-all-template/src/views/supplierEvaluationTemplateEnableMgt/add.vue
/templateMgt/supplierEvaluationTemplateMgt	scm-vue-all-template	scm-vue-all-template/src/router/index.js:102	scm-vue-all-template/src/views/supplierEvaluationTemplateMgt/index.vue
/templateMgt/supplierEvaluationTemplateMgt/add	scm-vue-all-template	scm-vue-all-template/src/router/index.js:107	scm-vue-all-template/src/views/supplierEvaluationTemplateMgt/addOrEdit.vue
/templateMgt/textualAdd	scm-vue-all-template	scm-vue-all-template/src/router/index.js:51	
/templateMgt/textualDetail	scm-vue-all-template	scm-vue-all-template/src/router/index.js:56	
/templateMgt/textualMaterials	scm-vue-all-template	scm-vue-all-template/src/router/index.js:46	
/templateMgt/variablelibrary	scm-vue-all-template	scm-vue-all-template/src/router/index.js:15	scm-vue-all-template/src/views/variableLibrary/index.vue
/	scm-vue-all-ubm	scm-vue-all-ubm/src/router/index.js:8	scm-vue-all-ubm/src/views/Home.vue
/basicMgmt/EnterpriseUserMgt	scm-vue-all-ubm	scm-vue-all-ubm/src/router/index.js:199	
/basicMgmt/EnterpriseUserMgt/AssociatedOrganization	scm-vue-all-ubm	scm-vue-all-ubm/src/router/index.js:219	
/basicMgmt/EnterpriseUserMgt/AssociatedPosition	scm-vue-all-ubm	scm-vue-all-ubm/src/router/index.js:214	
/basicMgmt/EnterpriseUserMgt/AuthorizationList	scm-vue-all-ubm	scm-vue-all-ubm/src/router/index.js:209	
/basicMgmt/EnterpriseUserMgt/ChangePassword	scm-vue-all-ubm	scm-vue-all-ubm/src/router/index.js:224	
/basicMgmt/EnterpriseUserMgt/addOrEdit	scm-vue-all-ubm	scm-vue-all-ubm/src/router/index.js:204	
/basicMgmt/EnterpriseUserMgt/authorize	scm-vue-all-ubm	scm-vue-all-ubm/src/router/index.js:229	
/basicMgmt/dictionary	scm-vue-all-ubm	scm-vue-all-ubm/src/router/index.js:134	
/basicMgmt/employeeList	scm-vue-all-ubm	scm-vue-all-ubm/src/router/index.js:251	
/basicMgmt/menuMgt	scm-vue-all-ubm	scm-vue-all-ubm/src/router/index.js:16	
/basicMgmt/merchantsAdd	scm-vue-all-ubm	scm-vue-all-ubm/src/router/index.js:246	
/basicMgmt/merchantsMgt	scm-vue-all-ubm	scm-vue-all-ubm/src/router/index.js:241	
/basicMgmt/orgMgt	scm-vue-all-ubm	scm-vue-all-ubm/src/router/index.js:77	scm-vue-all-ubm/src/views/OrgMgt/index.vue
/basicMgmt/orgPersonnel	scm-vue-all-ubm	scm-vue-all-ubm/src/router/index.js:99	scm-vue-all-ubm/src/views/orgPersonnel/index.vue
/basicMgmt/orgStructureMgt	scm-vue-all-ubm	scm-vue-all-ubm/src/router/index.js:235	
/basicMgmt/orgUnitDetail	scm-vue-all-ubm	scm-vue-all-ubm/src/router/index.js:104	scm-vue-all-ubm/src/views/orgPersonnel/orgUnitDetail.vue
/basicMgmt/orgUnitMgt	scm-vue-all-ubm	scm-vue-all-ubm/src/router/index.js:84	scm-vue-all-ubm/src/views/orgUnitMgt/index.vue
/basicMgmt/orgUnitMgt/addOrEdit	scm-vue-all-ubm	scm-vue-all-ubm/src/router/index.js:89	scm-vue-all-ubm/src/views/orgUnitMgt/addOrEdit.vue
/basicMgmt/postMgt	scm-vue-all-ubm	scm-vue-all-ubm/src/router/index.js:111	scm-vue-all-ubm/src/views/PostMgt/index.vue
/basicMgmt/postMgt/add	scm-vue-all-ubm	scm-vue-all-ubm/src/router/index.js:118	scm-vue-all-ubm/src/views/PostMgt/addOrEdit.vue
/basicMgmt/postMgt/relation	scm-vue-all-ubm	scm-vue-all-ubm/src/router/index.js:126	scm-vue-all-ubm/src/views/PostMgt/RelationPostOrRole.vue
/basicMgmt/resourceMgt	scm-vue-all-ubm	scm-vue-all-ubm/src/router/index.js:23	
/basicMgmt/resourceMgt/add	scm-vue-all-ubm	scm-vue-all-ubm/src/router/index.js:28	scm-vue-all-ubm/src/views/resourceMgt/addOrEdit.vue
/basicMgmt/resourceMgt/authorize	scm-vue-all-ubm	scm-vue-all-ubm/src/router/index.js:36	scm-vue-all-ubm/src/views/resourceMgt/authorize.vue
/basicMgmt/resourceMgt/resourceSync	scm-vue-all-ubm	scm-vue-all-ubm/src/router/index.js:44	scm-vue-all-ubm/src/views/resourceMgt/ResourceSync.vue
/basicMgmt/roleMgt	scm-vue-all-ubm	scm-vue-all-ubm/src/router/index.js:54	
/basicMgmt/roleMgt/Authorization	scm-vue-all-ubm	scm-vue-all-ubm/src/router/index.js:59	
/basicMgmt/roleMgt/roleMgtAdd	scm-vue-all-ubm	scm-vue-all-ubm/src/router/index.js:67	
/basicMgmt/userMgt	scm-vue-all-ubm	scm-vue-all-ubm/src/router/index.js:140	
/basicMgmt/userMgt/AssociatedOrganization	scm-vue-all-ubm	scm-vue-all-ubm/src/router/index.js:166	
/basicMgmt/userMgt/AssociatedPosition	scm-vue-all-ubm	scm-vue-all-ubm/src/router/index.js:158	
/basicMgmt/userMgt/AuthorizationList	scm-vue-all-ubm	scm-vue-all-ubm/src/router/index.js:153	
/basicMgmt/userMgt/ChangePassword	scm-vue-all-ubm	scm-vue-all-ubm/src/router/index.js:171	
/basicMgmt/userMgt/addOrEdit	scm-vue-all-ubm	scm-vue-all-ubm/src/router/index.js:145	
/basicMgmt/userMgt/authorize	scm-vue-all-ubm	scm-vue-all-ubm/src/router/index.js:179	
/supplierInfoMan	scm-vue-all-ubm	scm-vue-all-ubm/src/router/index.js:185	
/supplierInfoMan/changesInfo	scm-vue-all-ubm	scm-vue-all-ubm/src/router/index.js:190	scm-vue-all-ubm/src/views/supplierInfoMan/changesInfo.vue
/	scm-vue-all-vmp	scm-vue-all-vmp/src/router/index.js:9	scm-vue-all-vmp/src/views/Home.vue
/SupplierAccess/addPS1	scm-vue-all-vmp	scm-vue-all-vmp/src/router/index.js:155	scm-vue-all-vmp/src/views/SupplierAccess/productList/addProductList_s1.vue
/SupplierAccess/addPS2	scm-vue-all-vmp	scm-vue-all-vmp/src/router/index.js:161	scm-vue-all-vmp/src/views/SupplierAccess/productList/addProductList_s2.vue
/SupplierAccess/addProductList	scm-vue-all-vmp	scm-vue-all-vmp/src/router/index.js:173	scm-vue-all-vmp/src/views/SupplierAccess/productList/addProductList.vue
/SupplierAccess/addServiceRelation	scm-vue-all-vmp	scm-vue-all-vmp/src/router/index.js:113	scm-vue-all-vmp/src/views/SupplierAccess/serviceRelation/addServiceRelation.vue
/SupplierAccess/detailServiceRelation	scm-vue-all-vmp	scm-vue-all-vmp/src/router/index.js:119	scm-vue-all-vmp/src/views/SupplierAccess/serviceRelation/detailServiceRelation.vue
/SupplierAccess/detailSubServiceRelation	scm-vue-all-vmp	scm-vue-all-vmp/src/router/index.js:131	scm-vue-all-vmp/src/views/SupplierAccess/serviceRelation/detailSubServiceRelation.vue
/SupplierAccess/detailSupplier	scm-vue-all-vmp	scm-vue-all-vmp/src/router/index.js:143	scm-vue-all-vmp/src/views/SupplierAccess/detailSupplier/index.vue
/SupplierAccess/formalApply	scm-vue-all-vmp	scm-vue-all-vmp/src/router/index.js:17	scm-vue-all-vmp/src/views/SupplierAccess/formalApply/index.vue
/SupplierAccess/productList	scm-vue-all-vmp	scm-vue-all-vmp/src/router/index.js:149	scm-vue-all-vmp/src/views/SupplierAccess/productList/index.vue
/SupplierAccess/productListView	scm-vue-all-vmp	scm-vue-all-vmp/src/router/index.js:167	scm-vue-all-vmp/src/views/SupplierAccess/productList/productList_view.vue
/SupplierAccess/registerSimple	scm-vue-all-vmp	scm-vue-all-vmp/src/router/index.js:100	scm-vue-all-vmp/src/views/SupplierAccess/registerSimple/index.vue
/SupplierAccess/registerStepThree	scm-vue-all-vmp	scm-vue-all-vmp/src/router/index.js:29	scm-vue-all-vmp/src/views/SupplierAccess/formalApply/RegisterStepThree.vue
/SupplierAccess/registerStepTwo	scm-vue-all-vmp	scm-vue-all-vmp/src/router/index.js:23	scm-vue-all-vmp/src/views/SupplierAccess/formalApply/RegisterStepTwo.vue
/SupplierAccess/serviceRelation	scm-vue-all-vmp	scm-vue-all-vmp/src/router/index.js:107	scm-vue-all-vmp/src/views/SupplierAccess/serviceRelation/index.vue
/SupplierAccess/subServiceRelation	scm-vue-all-vmp	scm-vue-all-vmp/src/router/index.js:125	scm-vue-all-vmp/src/views/SupplierAccess/serviceRelation/subServiceRelation.vue
/SupplierAccess/supplierApplyList	scm-vue-all-vmp	scm-vue-all-vmp/src/router/index.js:137	scm-vue-all-vmp/src/views/SupplierAccess/supplierApplyList/index.vue
/queryLedgerOfProcurementPlanGYS	scm-vue-all-vmp	scm-vue-all-vmp/src/router/index.js:349	scm-vue-all-vmp/src/views/queryLedgerOfProcurementPlanGYS/index.vue
/serviceRelationship	scm-vue-all-vmp	scm-vue-all-vmp/src/router/index.js:322	scm-vue-all-vmp/src/views/serviceRelationship/index.vue
/serviceRelationship/add	scm-vue-all-vmp	scm-vue-all-vmp/src/router/index.js:331	scm-vue-all-vmp/src/views/serviceRelationship/add.vue
/serviceRelationship/look	scm-vue-all-vmp	scm-vue-all-vmp/src/router/index.js:340	scm-vue-all-vmp/src/views/serviceRelationship/look.vue
/supperInfo/supperDetail	scm-vue-all-vmp	scm-vue-all-vmp/src/router/index.js:47	scm-vue-all-vmp/src/views/SupplierAccess/formalApply/SupperDetail2.vue
/supperInfo/supperDetailNew	scm-vue-all-vmp	scm-vue-all-vmp/src/router/index.js:37	scm-vue-all-vmp/src/views/SupplierAccess/formalApply/SupperDetail.vue
/supperInfo/supperDetailRegister	scm-vue-all-vmp	scm-vue-all-vmp/src/router/index.js:42	scm-vue-all-vmp/src/views/SupplierAccess/formalApply/SupperDetail.vue
/supplierAudit/list	scm-vue-all-vmp	scm-vue-all-vmp/src/router/index.js:54	scm-vue-all-vmp/src/views/supplierAudit/index.vue
/supplierAudit/list/supplierAuditForm	scm-vue-all-vmp	scm-vue-all-vmp/src/router/index.js:60	scm-vue-all-vmp/src/views/supplierAudit/supplierAuditForm.vue
/supplierFile/ContractorPerson	scm-vue-all-vmp	scm-vue-all-vmp/src/router/index.js:181	scm-vue-all-vmp/src/views/supplierFile/ContractorPerson/index.vue
/supplierFile/addContractorPerson	scm-vue-all-vmp	scm-vue-all-vmp/src/router/index.js:187	scm-vue-all-vmp/src/views/supplierFile/ContractorPerson/addContractorPerson.vue
/supplierFile/addSubcontractor	scm-vue-all-vmp	scm-vue-all-vmp/src/router/index.js:223	scm-vue-all-vmp/src/views/supplierFile/supplierSubcontractor/addSubcontractor.vue
/supplierFile/addSupplierLinkman	scm-vue-all-vmp	scm-vue-all-vmp/src/router/index.js:205	scm-vue-all-vmp/src/views/supplierFile/supplierLinkman/addSupplierLinkman.vue
/supplierFile/detailContractorPerson	scm-vue-all-vmp	scm-vue-all-vmp/src/router/index.js:193	scm-vue-all-vmp/src/views/supplierFile/ContractorPerson/detailContractorPerson.vue
/supplierFile/detailSubcontractor	scm-vue-all-vmp	scm-vue-all-vmp/src/router/index.js:229	scm-vue-all-vmp/src/views/supplierFile/supplierSubcontractor/detailSubcontractor.vue
/supplierFile/detailSupplier	scm-vue-all-vmp	scm-vue-all-vmp/src/router/index.js:253	scm-vue-all-vmp/src/views/supplierFile/detailSupplier/index.vue
/supplierFile/detailSupplierLinkman	scm-vue-all-vmp	scm-vue-all-vmp/src/router/index.js:211	scm-vue-all-vmp/src/views/supplierFile/supplierLinkman/detailSupplierLinkman.vue
/supplierFile/editSupplier	scm-vue-all-vmp	scm-vue-all-vmp/src/router/index.js:235	scm-vue-all-vmp/src/views/supplierFile/editSupplier/index.vue
/supplierFile/editSupplier/editSupplierFile	scm-vue-all-vmp	scm-vue-all-vmp/src/router/index.js:247	scm-vue-all-vmp/src/views/supplierFile/editSupplierFile/index.vue
/supplierFile/editSupplier/editTitle	scm-vue-all-vmp	scm-vue-all-vmp/src/router/index.js:241	scm-vue-all-vmp/src/views/supplierFile/editSupplier/editTitle.vue
/supplierFile/supplierLinkman	scm-vue-all-vmp	scm-vue-all-vmp/src/router/index.js:199	scm-vue-all-vmp/src/views/supplierFile/supplierLinkman/index.vue
/supplierFile/supplierSubcontractor	scm-vue-all-vmp	scm-vue-all-vmp/src/router/index.js:217	scm-vue-all-vmp/src/views/supplierFile/supplierSubcontractor/index.vue
/supplierInfo/ChangeSupplierInfo	scm-vue-all-vmp	scm-vue-all-vmp/src/router/index.js:265	scm-vue-all-vmp/src/views/ChangeSupplierInfo/index.vue
/supplierInfo/changeBasicInfo	scm-vue-all-vmp	scm-vue-all-vmp/src/router/index.js:274	scm-vue-all-vmp/src/views/ChangeSupplierInfo/detail.vue
/supplierInfo/changeBasicList	scm-vue-all-vmp	scm-vue-all-vmp/src/router/index.js:259	scm-vue-all-vmp/src/views/ChangeSupplierInfo/list.vue
/supplierInfo/changeProduct	scm-vue-all-vmp	scm-vue-all-vmp/src/router/index.js:289	scm-vue-all-vmp/src/views/changeProductDirectory/changeProduct.vue
/supplierInfo/changeProductDirectory	scm-vue-all-vmp	scm-vue-all-vmp/src/router/index.js:283	scm-vue-all-vmp/src/views/changeProductDirectory/index.vue
/supplierInfo/viewProduct	scm-vue-all-vmp	scm-vue-all-vmp/src/router/index.js:298	scm-vue-all-vmp/src/views/changeProductDirectory/viewProduct.vue
/supplierRectification	scm-vue-all-vmp	scm-vue-all-vmp/src/router/index.js:307	scm-vue-all-vmp/src/views/supplierRectification/index.vue
/supplierRectification/feedback	scm-vue-all-vmp	scm-vue-all-vmp/src/router/index.js:313	scm-vue-all-vmp/src/views/supplierRectification/feedback.vue
/supplierStopEnable/list	scm-vue-all-vmp	scm-vue-all-vmp/src/router/index.js:67	scm-vue-all-vmp/src/views/supplierStopEnable/index.vue
/supplierStopEnable/stopDetail	scm-vue-all-vmp	scm-vue-all-vmp/src/router/index.js:92	scm-vue-all-vmp/src/views/supplierStopEnable/stopDetail.vue
/supplierStopEnable/supplierFreezingThaw	scm-vue-all-vmp	scm-vue-all-vmp/src/router/index.js:74	scm-vue-all-vmp/src/views/supplierStopEnable/supplierFreezingThaw.vue
/supplierStopEnable/supplierThawing	scm-vue-all-vmp	scm-vue-all-vmp/src/router/index.js:80	scm-vue-all-vmp/src/views/supplierStopEnable/supplierThawing.vue
/supplierStopEnable/supplierThawingDetail	scm-vue-all-vmp	scm-vue-all-vmp/src/router/index.js:86	scm-vue-all-vmp/src/views/supplierStopEnable/supplierThawingDetail.vue
/	scm-vue-all-workbench	scm-vue-all-workbench/src/router/index.js:10	scm-vue-all-workbench/src/views/Home.vue
/msgList	scm-vue-all-workbench	scm-vue-all-workbench/src/router/index.js:31	scm-vue-all-workbench/src/views/list/msgList.vue
/todoList	scm-vue-all-workbench	scm-vue-all-workbench/src/router/index.js:25	scm-vue-all-workbench/src/views/list/todoList.vue
/worktable	scm-vue-all-workbench	scm-vue-all-workbench/src/router/index.js:16	scm-vue-all-workbench/src/views/Home.vue
/	scm-vue-hpc	scm-vue-hpc/src/router/index.js:12	scm-vue-hpc/src/views/Home.vue
/businessConsulting	scm-vue-hpc	scm-vue-hpc/src/router/index.js:22	scm-vue-hpc/src/views/businessConsulting/index.vue
/content	scm-vue-hpc	scm-vue-hpc/src/router/index.js:27	scm-vue-hpc/src/views/content.vue
/expect	scm-vue-hpc	scm-vue-hpc/src/router/index.js:55	scm-vue-hpc/src/views/Expect/index.vue
/introduce	scm-vue-hpc	scm-vue-hpc/src/router/index.js:50	scm-vue-hpc/src/views/Introduce/index.vue
/notice	scm-vue-hpc	scm-vue-hpc/src/router/index.js:37	scm-vue-hpc/src/views/notice.vue
/noticeContent	scm-vue-hpc	scm-vue-hpc/src/router/index.js:32	scm-vue-hpc/src/views/NoticeContent.vue
/noticeList	scm-vue-hpc	scm-vue-hpc/src/router/index.js:17	scm-vue-hpc/src/views/notice/NoticeList.vue
/procurementPortal	scm-vue-hpc	scm-vue-hpc/src/router/index.js:60	scm-vue-hpc/src/views/procurementPortal/index.vue
/supplier	scm-vue-hpc	scm-vue-hpc/src/router/index.js:45	scm-vue-hpc/src/views/Supplier/index.vue
/	scm-vue-all/scm-vue-agreement	scm-vue-all/scm-vue-agreement/src/router/index.js:9	scm-vue-all/scm-vue-agreement/src/views/Home.vue
/agreementApproval/agreementApprovalList	scm-vue-all/scm-vue-agreement	scm-vue-all/scm-vue-agreement/src/router/index.js:116	scm-vue-all/scm-vue-agreement/src/views/agreementApproval/agreementApprovalList/list.vue
/agreementApproval/approval/:protocolId?	scm-vue-all/scm-vue-agreement	scm-vue-all/scm-vue-agreement/src/router/index.js:128	scm-vue-all/scm-vue-agreement/src/views/agreementApproval/approvalDetail/index.vue
/agreementApproval/approvalDetail/:protocolId?	scm-vue-all/scm-vue-agreement	scm-vue-all/scm-vue-agreement/src/router/index.js:134	scm-vue-all/scm-vue-agreement/src/views/agreementApproval/approvalView/index.vue
/agreementApproval/distributorApprovalList	scm-vue-all/scm-vue-agreement	scm-vue-all/scm-vue-agreement/src/router/index.js:122	scm-vue-all/scm-vue-agreement/src/views/agreementApproval/distributorApprovalList/list.vue
/listingCompile/compileAgreementListing	scm-vue-all/scm-vue-agreement	scm-vue-all/scm-vue-agreement/src/router/index.js:53	scm-vue-all/scm-vue-agreement/src/views/agreementMgmt/listingCompile/agreementListing/list.vue
/listingCompile/compileAgreementListing/compile/:protocolId	scm-vue-all/scm-vue-agreement	scm-vue-all/scm-vue-agreement/src/router/index.js:59	scm-vue-all/scm-vue-agreement/src/views/agreementMgmt/listingCompile/compileAgreement/compile.vue
/listingCompile/compileAgreementListing/viewDetail/:protocolId	scm-vue-all/scm-vue-agreement	scm-vue-all/scm-vue-agreement/src/router/index.js:65	scm-vue-all/scm-vue-agreement/src/views/agreementMgmt/listingCompile/viewDetail/detail.vue
/listingCreate/agreementList	scm-vue-all/scm-vue-agreement	scm-vue-all/scm-vue-agreement/src/router/index.js:16	scm-vue-all/scm-vue-agreement/src/views/agreementMgmt/listingCreate/agreementList/index.vue
/listingCreate/compilePage/:id?	scm-vue-all/scm-vue-agreement	scm-vue-all/scm-vue-agreement/src/router/index.js:22	scm-vue-all/scm-vue-agreement/src/views/agreementMgmt/listingCreate/compilePage/compile.vue
/listingCreate/materialConfirm	scm-vue-all/scm-vue-agreement	scm-vue-all/scm-vue-agreement/src/router/index.js:28	scm-vue-all/scm-vue-agreement/src/views/agreementMgmt/listingCreate/materialConfirm/materialLists.vue
/listingCreate/materialConfirm/:protocolId?	scm-vue-all/scm-vue-agreement	scm-vue-all/scm-vue-agreement/src/router/index.js:34	scm-vue-all/scm-vue-agreement/src/views/agreementMgmt/listingCreate/compilePage/materialConfirm.vue
/listingCreate/materialConfirm/costAgt/:protocolId	scm-vue-all/scm-vue-agreement	scm-vue-all/scm-vue-agreement/src/router/index.js:40	scm-vue-all/scm-vue-agreement/src/views/agreementMgmt/listingCreate/incMaterialDistribution/costAgt.vue
/listingCreate/materialConfirm/countAgt/:protocolId?	scm-vue-all/scm-vue-agreement	scm-vue-all/scm-vue-agreement/src/router/index.js:46	scm-vue-all/scm-vue-agreement/src/views/agreementMgmt/listingCreate/incMaterialDistribution/countAgt.vue
/listingMaint/DTAgreementMaint	scm-vue-all/scm-vue-agreement	scm-vue-all/scm-vue-agreement/src/router/index.js:79	scm-vue-all/scm-vue-agreement/src/views/agreementMgmt/listingMaint/DTAgreementMaint/list.vue
/listingMaint/agreementInfo/:protocolId	scm-vue-all/scm-vue-agreement	scm-vue-all/scm-vue-agreement/src/router/index.js:109	scm-vue-all/scm-vue-agreement/src/views/agreementMgmt/listingMaint/agreementInfo/detail.vue
/listingMaint/agreementMaint	scm-vue-all/scm-vue-agreement	scm-vue-all/scm-vue-agreement/src/router/index.js:73	scm-vue-all/scm-vue-agreement/src/views/agreementMgmt/listingMaint/agreementMaint/list.vue
/listingMaint/editAgreement/:protocolId	scm-vue-all/scm-vue-agreement	scm-vue-all/scm-vue-agreement/src/router/index.js:85	scm-vue-all/scm-vue-agreement/src/views/agreementMgmt/listingMaint/editAgreement/edit.vue
/listingMaint/materialAlteration/:protocolId	scm-vue-all/scm-vue-agreement	scm-vue-all/scm-vue-agreement/src/router/index.js:91	scm-vue-all/scm-vue-agreement/src/views/agreementMgmt/listingMaint/materialAlteration/alterationInfo.vue
/listingMaint/materialPricing/:protocolId	scm-vue-all/scm-vue-agreement	scm-vue-all/scm-vue-agreement/src/router/index.js:97	scm-vue-all/scm-vue-agreement/src/views/agreementMgmt/listingMaint/materialPricing/pricingInfo.vue
/listingMaint/postpone/:protocolId	scm-vue-all/scm-vue-agreement	scm-vue-all/scm-vue-agreement/src/router/index.js:103	scm-vue-all/scm-vue-agreement/src/views/agreementMgmt/listingMaint/postpone/index.vue
/	scm-vue-all/scm-vue-all-supplier	scm-vue-all/scm-vue-all-supplier/src/router/index.js:8	scm-vue-all/scm-vue-all-supplier/src/views/Home.vue
/CustomerCredit	scm-vue-all/scm-vue-all-supplier	scm-vue-all/scm-vue-all-supplier/src/router/index.js:435	
/CustomerCreditDetail	scm-vue-all/scm-vue-all-supplier	scm-vue-all/scm-vue-all-supplier/src/router/index.js:440	
/CustomerQuestionnaire	scm-vue-all/scm-vue-all-supplier	scm-vue-all/scm-vue-all-supplier/src/router/index.js:349	
/CustomerQuestionnaire/CustomerQuestionnaireDetail	scm-vue-all/scm-vue-all-supplier	scm-vue-all/scm-vue-all-supplier/src/router/index.js:354	
/components/protocol	scm-vue-all/scm-vue-all-supplier	scm-vue-all/scm-vue-all-supplier/src/router/index.js:332	
/custom/customPrice	scm-vue-all/scm-vue-all-supplier	scm-vue-all/scm-vue-all-supplier/src/router/index.js:398	
/custom/priceDetail	scm-vue-all/scm-vue-all-supplier	scm-vue-all/scm-vue-all-supplier/src/router/index.js:428	
/custom/priceResult	scm-vue-all/scm-vue-all-supplier	scm-vue-all/scm-vue-all-supplier/src/router/index.js:422	
/custom/supplierDetail	scm-vue-all/scm-vue-all-supplier	scm-vue-all/scm-vue-all-supplier/src/router/index.js:416	
/custom/supplierEdit	scm-vue-all/scm-vue-all-supplier	scm-vue-all/scm-vue-all-supplier/src/router/index.js:410	
/custom/supplierQuoted	scm-vue-all/scm-vue-all-supplier	scm-vue-all/scm-vue-all-supplier/src/router/index.js:404	
/customer/applyMessage	scm-vue-all/scm-vue-all-supplier	scm-vue-all/scm-vue-all-supplier/src/router/index.js:301	
/customer/checkCustomer	scm-vue-all/scm-vue-all-supplier	scm-vue-all/scm-vue-all-supplier/src/router/index.js:311	
/customer/customerApply	scm-vue-all/scm-vue-all-supplier	scm-vue-all/scm-vue-all-supplier/src/router/index.js:291	
/customer/customerCheck	scm-vue-all/scm-vue-all-supplier	scm-vue-all/scm-vue-all-supplier/src/router/index.js:306	
/customer/modifyCustomer	scm-vue-all/scm-vue-all-supplier	scm-vue-all/scm-vue-all-supplier/src/router/index.js:296	
/customer/modifyCustomerTitle	scm-vue-all/scm-vue-all-supplier	scm-vue-all/scm-vue-all-supplier/src/router/index.js:286	
/customer/modifyMessage	scm-vue-all/scm-vue-all-supplier	scm-vue-all/scm-vue-all-supplier/src/router/index.js:316	
/customer/record	scm-vue-all/scm-vue-all-supplier	scm-vue-all/scm-vue-all-supplier/src/router/index.js:326	
/priceDetail	scm-vue-all/scm-vue-all-supplier	scm-vue-all/scm-vue-all-supplier/src/router/index.js:391	
/priceResult	scm-vue-all/scm-vue-all-supplier	scm-vue-all/scm-vue-all-supplier/src/router/index.js:385	
/satisfaction	scm-vue-all/scm-vue-all-supplier	scm-vue-all/scm-vue-all-supplier/src/router/index.js:338	
/satisfaction/EvaluationOrEdit	scm-vue-all/scm-vue-all-supplier	scm-vue-all/scm-vue-all-supplier/src/router/index.js:343	
/supplier/addProductList	scm-vue-all/scm-vue-all-supplier	scm-vue-all/scm-vue-all-supplier/src/router/index.js:84	scm-vue-all/scm-vue-all-supplier/src/views/productList/addProductList.vue
/supplier/addServiceRelation	scm-vue-all/scm-vue-all-supplier	scm-vue-all/scm-vue-all-supplier/src/router/index.js:58	scm-vue-all/scm-vue-all-supplier/src/views/serviceRelation/addServiceRelation.vue
/supplier/applyCheck	scm-vue-all/scm-vue-all-supplier	scm-vue-all/scm-vue-all-supplier/src/router/index.js:269	
/supplier/applyMessage	scm-vue-all/scm-vue-all-supplier	scm-vue-all/scm-vue-all-supplier/src/router/index.js:258	
/supplier/changeSupplier	scm-vue-all/scm-vue-all-supplier	scm-vue-all/scm-vue-all-supplier/src/router/index.js:44	scm-vue-all/scm-vue-all-supplier/src/views/changeSupplier?
/supplier/check	scm-vue-all/scm-vue-all-supplier	scm-vue-all/scm-vue-all-supplier/src/router/index.js:263	
/supplier/detailServiceRelation	scm-vue-all/scm-vue-all-supplier	scm-vue-all/scm-vue-all-supplier/src/router/index.js:64	scm-vue-all/scm-vue-all-supplier/src/views/serviceRelation/detailServiceRelation.vue
/supplier/detailStopEnable	scm-vue-all/scm-vue-all-supplier	scm-vue-all/scm-vue-all-supplier/src/router/index.js:106	scm-vue-all/scm-vue-all-supplier/src/views/supplierStopEnable/detailStopEnable.vue
/supplier/detailSupplier	scm-vue-all/scm-vue-all-supplier	scm-vue-all/scm-vue-all-supplier/src/router/index.js:38	scm-vue-all/scm-vue-all-supplier/src/views/detailSupplier/index.vue
/supplier/formalApply	scm-vue-all/scm-vue-all-supplier	scm-vue-all/scm-vue-all-supplier/src/router/index.js:32	scm-vue-all/scm-vue-all-supplier/src/views/formalApply/index.vue
/supplier/modifyMessage	scm-vue-all/scm-vue-all-supplier	scm-vue-all/scm-vue-all-supplier/src/router/index.js:276	
/supplier/modifyTitle	scm-vue-all/scm-vue-all-supplier	scm-vue-all/scm-vue-all-supplier/src/router/index.js:281	
/supplier/productList	scm-vue-all/scm-vue-all-supplier	scm-vue-all/scm-vue-all-supplier/src/router/index.js:78	scm-vue-all/scm-vue-all-supplier/src/views/productList/index.vue
/supplier/record	scm-vue-all/scm-vue-all-supplier	scm-vue-all/scm-vue-all-supplier/src/router/index.js:321	
/supplier/registerSimple	scm-vue-all/scm-vue-all-supplier	scm-vue-all/scm-vue-all-supplier/src/router/index.js:14	scm-vue-all/scm-vue-all-supplier/src/views/registerSimple/index.vue
/supplier/registerSimpleNo31	scm-vue-all/scm-vue-all-supplier	scm-vue-all/scm-vue-all-supplier/src/router/index.js:20	scm-vue-all/scm-vue-all-supplier/src/views/registerSimpleNo31/index.vue
/supplier/serviceRelation	scm-vue-all/scm-vue-all-supplier	scm-vue-all/scm-vue-all-supplier/src/router/index.js:52	scm-vue-all/scm-vue-all-supplier/src/views/serviceRelation/index.vue
/supplier/subServiceRelation	scm-vue-all/scm-vue-all-supplier	scm-vue-all/scm-vue-all-supplier/src/router/index.js:70	scm-vue-all/scm-vue-all-supplier/src/views/serviceRelation/subServiceRelation.vue
/supplier/supplierApply	scm-vue-all/scm-vue-all-supplier	scm-vue-all/scm-vue-all-supplier/src/router/index.js:26	scm-vue-all/scm-vue-all-supplier/src/views/applyList/index.vue
/supplier/supplierApply1	scm-vue-all/scm-vue-all-supplier	scm-vue-all/scm-vue-all-supplier/src/router/index.js:253	
/supplier/supplierAudit	scm-vue-all/scm-vue-all-supplier	scm-vue-all/scm-vue-all-supplier/src/router/index.js:92	scm-vue-all/scm-vue-all-supplier/src/views/supplierAudit/index.vue
/supplier/supplierFreezingThaw	scm-vue-all/scm-vue-all-supplier	scm-vue-all/scm-vue-all-supplier/src/router/index.js:112	scm-vue-all/scm-vue-all-supplier/src/views/supplierStopEnable/supplierFreezingThaw.vue
/supplier/supplierStopEnable	scm-vue-all/scm-vue-all-supplier	scm-vue-all/scm-vue-all-supplier/src/router/index.js:100	scm-vue-all/scm-vue-all-supplier/src/views/supplierStopEnable/index.vue
/supplier/supplierThawing	scm-vue-all/scm-vue-all-supplier	scm-vue-all/scm-vue-all-supplier/src/router/index.js:118	scm-vue-all/scm-vue-all-supplier/src/views/supplierStopEnable/supplierThawing.vue
/supplierDetail	scm-vue-all/scm-vue-all-supplier	scm-vue-all/scm-vue-all-supplier/src/router/index.js:379	
/supplierEdit	scm-vue-all/scm-vue-all-supplier	scm-vue-all/scm-vue-all-supplier/src/router/index.js:373	
/supplierEstimate/changeEstimate	scm-vue-all/scm-vue-all-supplier	scm-vue-all/scm-vue-all-supplier/src/router/index.js:213	scm-vue-all/scm-vue-all-supplier/src/views/supplierEstimate/changeEstimate.vue
/supplierEstimate/changeEstimateList	scm-vue-all/scm-vue-all-supplier	scm-vue-all/scm-vue-all-supplier/src/router/index.js:207	scm-vue-all/scm-vue-all-supplier/src/views/supplierEstimate/index.vue
/supplierEstimate/estimateAppeal	scm-vue-all/scm-vue-all-supplier	scm-vue-all/scm-vue-all-supplier/src/router/index.js:225	scm-vue-all/scm-vue-all-supplier/src/views/supplierEstimate/estimateAppeal.vue
/supplierEstimate/estimateAppealDetail	scm-vue-all/scm-vue-all-supplier	scm-vue-all/scm-vue-all-supplier/src/router/index.js:231	scm-vue-all/scm-vue-all-supplier/src/views/supplierEstimate/estimateAppealDetail.vue
/supplierEstimate/estimateAppealList	scm-vue-all/scm-vue-all-supplier	scm-vue-all/scm-vue-all-supplier/src/router/index.js:219	scm-vue-all/scm-vue-all-supplier/src/views/supplierEstimate/estimateAppealList.vue
/supplierFile/ContractorPerson	scm-vue-all/scm-vue-all-supplier	scm-vue-all/scm-vue-all-supplier/src/router/index.js:127	scm-vue-all/scm-vue-all-supplier/src/views/ContractorPerson/index.vue
/supplierFile/addContractorPerson	scm-vue-all/scm-vue-all-supplier	scm-vue-all/scm-vue-all-supplier/src/router/index.js:133	scm-vue-all/scm-vue-all-supplier/src/views/ContractorPerson/addContractorPerson.vue
/supplierFile/addSubcontractor	scm-vue-all/scm-vue-all-supplier	scm-vue-all/scm-vue-all-supplier/src/router/index.js:188	scm-vue-all/scm-vue-all-supplier/src/views/supplierSubcontractor/addSubcontractor.vue
/supplierFile/addSupplierLinkman	scm-vue-all/scm-vue-all-supplier	scm-vue-all/scm-vue-all-supplier/src/router/index.js:170	scm-vue-all/scm-vue-all-supplier/src/views/supplierLinkman/addSupplierLinkman.vue
/supplierFile/detailContractorPerson	scm-vue-all/scm-vue-all-supplier	scm-vue-all/scm-vue-all-supplier/src/router/index.js:139	scm-vue-all/scm-vue-all-supplier/src/views/ContractorPerson/detailContractorPerson.vue
/supplierFile/detailSubcontractor	scm-vue-all/scm-vue-all-supplier	scm-vue-all/scm-vue-all-supplier/src/router/index.js:194	scm-vue-all/scm-vue-all-supplier/src/views/supplierSubcontractor/detailSubcontractor.vue
/supplierFile/detailSupplier	scm-vue-all/scm-vue-all-supplier	scm-vue-all/scm-vue-all-supplier/src/router/index.js:145	scm-vue-all/scm-vue-all-supplier/src/views/detailSupplier/index.vue
/supplierFile/detailSupplierLinkman	scm-vue-all/scm-vue-all-supplier	scm-vue-all/scm-vue-all-supplier/src/router/index.js:176	scm-vue-all/scm-vue-all-supplier/src/views/supplierLinkman/detailSupplierLinkman.vue
/supplierFile/editSupplier	scm-vue-all/scm-vue-all-supplier	scm-vue-all/scm-vue-all-supplier/src/router/index.js:152	scm-vue-all/scm-vue-all-supplier/src/views/editSupplier/index.vue
/supplierFile/editSupplier/editTitle	scm-vue-all/scm-vue-all-supplier	scm-vue-all/scm-vue-all-supplier/src/router/index.js:158	scm-vue-all/scm-vue-all-supplier/src/views/editSupplier/editTitle.vue
/supplierFile/supplierLinkman	scm-vue-all/scm-vue-all-supplier	scm-vue-all/scm-vue-all-supplier/src/router/index.js:164	scm-vue-all/scm-vue-all-supplier/src/views/supplierLinkman/index.vue
/supplierFile/supplierSubcontractor	scm-vue-all/scm-vue-all-supplier	scm-vue-all/scm-vue-all-supplier/src/router/index.js:182	scm-vue-all/scm-vue-all-supplier/src/views/supplierSubcontractor/index.vue
/supplierPrice	scm-vue-all/scm-vue-all-supplier	scm-vue-all/scm-vue-all-supplier/src/router/index.js:361	
/supplierQuoted	scm-vue-all/scm-vue-all-supplier	scm-vue-all/scm-vue-all-supplier/src/router/index.js:367	
/	scm-vue-all/scm-vue-cms	scm-vue-all/scm-vue-cms/src/router/index.js:8	scm-vue-all/scm-vue-cms/src/views/Home.vue
/notice/agreementMgt	scm-vue-all/scm-vue-cms	scm-vue-all/scm-vue-cms/src/router/index.js:39	scm-vue-all/scm-vue-cms/src/views/cms/agreementMgt/index.vue
/notice/agreementMgt/add	scm-vue-all/scm-vue-cms	scm-vue-all/scm-vue-cms/src/router/index.js:45	scm-vue-all/scm-vue-cms/src/views/cms/agreementMgt/add.vue
/notice/agreementMgt/detail/:id	scm-vue-all/scm-vue-cms	scm-vue-all/scm-vue-cms/src/router/index.js:51	scm-vue-all/scm-vue-cms/src/views/components/contentDetail.vue
/notice/agreementSignedList	scm-vue-all/scm-vue-cms	scm-vue-all/scm-vue-cms/src/router/index.js:58	scm-vue-all/scm-vue-cms/src/views/cms/agreementSignedList/index.vue
/notice/noticeList	scm-vue-all/scm-vue-cms	scm-vue-all/scm-vue-cms/src/router/index.js:14	scm-vue-all/scm-vue-cms/src/views/cms/noticeList/list.vue
/notice/noticeList/add	scm-vue-all/scm-vue-cms	scm-vue-all/scm-vue-cms/src/router/index.js:20	scm-vue-all/scm-vue-cms/src/views/cms/noticeList/add.vue
/notice/noticeList/detail/:id	scm-vue-all/scm-vue-cms	scm-vue-all/scm-vue-cms/src/router/index.js:26	scm-vue-all/scm-vue-cms/src/views/cms/noticeList/contentPublishDetail.vue
/notice/noticeList/top	scm-vue-all/scm-vue-cms	scm-vue-all/scm-vue-cms/src/router/index.js:32	scm-vue-all/scm-vue-cms/src/views/cms/noticeList/top.vue
/	scm-vue-all/scm-vue-configMgt	scm-vue-all/scm-vue-configMgt/src/router/index.js:8	scm-vue-all/scm-vue-configMgt/src/views/Home.vue
/InCenterConfig/newOrganizationRelation/:companyPId?	scm-vue-all/scm-vue-configMgt	scm-vue-all/scm-vue-configMgt/src/router/index.js:21	scm-vue-all/scm-vue-configMgt/src/views/InCenterConfig/newOrganizationRelation/newOrg.vue
/InCenterConfig/organizationRelationList	scm-vue-all/scm-vue-configMgt	scm-vue-all/scm-vue-configMgt/src/router/index.js:15	scm-vue-all/scm-vue-configMgt/src/views/InCenterConfig/organizationRelation/list.vue
/bankCollectionMaintenance/bankCollectionMaintenanceList	scm-vue-all/scm-vue-configMgt	scm-vue-all/scm-vue-configMgt/src/router/index.js:86	scm-vue-all/scm-vue-configMgt/src/views/bankCollectionMaintenance/list.vue
/bankCollectionMaintenance/newBankInfo/:bankId?	scm-vue-all/scm-vue-configMgt	scm-vue-all/scm-vue-configMgt/src/router/index.js:92	scm-vue-all/scm-vue-configMgt/src/views/bankCollectionMaintenance/newBankInfo.vue
/buyerCenter/receivingAddress	scm-vue-all/scm-vue-configMgt	scm-vue-all/scm-vue-configMgt/src/router/index.js:98	scm-vue-all/scm-vue-configMgt/src/views/ReceivingAddress/index.vue
/buyerCenter/receivingAddress/add	scm-vue-all/scm-vue-configMgt	scm-vue-all/scm-vue-configMgt/src/router/index.js:103	scm-vue-all/scm-vue-configMgt/src/views/ReceivingAddress/addOrEdit.vue
/buyerCenter/receivingAddress/view	scm-vue-all/scm-vue-configMgt	scm-vue-all/scm-vue-configMgt/src/router/index.js:108	scm-vue-all/scm-vue-configMgt/src/views/ReceivingAddress/addressView.vue
/orgProcessConfig/newParameterConfig/:parameterId?	scm-vue-all/scm-vue-configMgt	scm-vue-all/scm-vue-configMgt/src/router/index.js:34	scm-vue-all/scm-vue-configMgt/src/views/orgProcessConfig/parameterConfigMgt/newParameterConfig.vue
/orgProcessConfig/orgProcessList	scm-vue-all/scm-vue-configMgt	scm-vue-all/scm-vue-configMgt/src/router/index.js:40	scm-vue-all/scm-vue-configMgt/src/views/orgProcessConfig/orgProcessList/list.vue
/orgProcessConfig/parameterConfigMgt	scm-vue-all/scm-vue-configMgt	scm-vue-all/scm-vue-configMgt/src/router/index.js:28	scm-vue-all/scm-vue-configMgt/src/views/orgProcessConfig/parameterConfigMgt/list.vue
/projectNameList/newProjectName/:projectId?	scm-vue-all/scm-vue-configMgt	scm-vue-all/scm-vue-configMgt/src/router/index.js:53	scm-vue-all/scm-vue-configMgt/src/views/projectNameMgt/projectNameList/newProjectName.vue
/projectNameMgt/projectNameList	scm-vue-all/scm-vue-configMgt	scm-vue-all/scm-vue-configMgt/src/router/index.js:47	scm-vue-all/scm-vue-configMgt/src/views/projectNameMgt/projectNameList/list.vue
/winningContactConfig/newWinningContact/:personId?	scm-vue-all/scm-vue-configMgt	scm-vue-all/scm-vue-configMgt/src/router/index.js:79	scm-vue-all/scm-vue-configMgt/src/views/winningContactConfig/winningContactList/newWinningContact.vue
/winningContactConfig/winningContactList	scm-vue-all/scm-vue-configMgt	scm-vue-all/scm-vue-configMgt/src/router/index.js:73	scm-vue-all/scm-vue-configMgt/src/views/winningContactConfig/winningContactList/list.vue
/winningDepartmentConfig/newWinningDepartment/:supervDeptId?	scm-vue-all/scm-vue-configMgt	scm-vue-all/scm-vue-configMgt/src/router/index.js:66	scm-vue-all/scm-vue-configMgt/src/views/winningDepartmentConfig/winningDepartmentList/newWinningDepartment.vue
/winningDepartmentConfig/winningDepartmentList	scm-vue-all/scm-vue-configMgt	scm-vue-all/scm-vue-configMgt/src/router/index.js:60	scm-vue-all/scm-vue-configMgt/src/views/winningDepartmentConfig/winningDepartmentList/list.vue
/	scm-vue-all/scm-vue-emp	scm-vue-all/scm-vue-emp/src/router/index.js:9	scm-vue-all/scm-vue-emp/src/views/Home.vue
/SupplierAccess/SupplierAuditList	scm-vue-all/scm-vue-emp	scm-vue-all/scm-vue-emp/src/router/index.js:24	scm-vue-all/scm-vue-emp/src/views/SupplierAccess/SupplierAuditList/index.vue
/SupplierAccess/addProductListApply	scm-vue-all/scm-vue-emp	scm-vue-all/scm-vue-emp/src/router/index.js:85	scm-vue-all/scm-vue-emp/src/views/SupplierAccess/networkAccessDirectory/addProductListApply.vue
/SupplierAccess/addProductListAudit	scm-vue-all/scm-vue-emp	scm-vue-all/scm-vue-emp/src/router/index.js:91	scm-vue-all/scm-vue-emp/src/views/SupplierAccess/networkAccessDirectory/addProductListAudit.vue
/SupplierAccess/addProductListDetail	scm-vue-all/scm-vue-emp	scm-vue-all/scm-vue-emp/src/router/index.js:97	scm-vue-all/scm-vue-emp/src/views/SupplierAccess/networkAccessDirectory/addProductListDetail.vue
/SupplierAccess/networkAccessDirectory	scm-vue-all/scm-vue-emp	scm-vue-all/scm-vue-emp/src/router/index.js:79	scm-vue-all/scm-vue-emp/src/views/SupplierAccess/networkAccessDirectory/index.vue
/SupplierAccess/onSiteAuditMgt	scm-vue-all/scm-vue-emp	scm-vue-all/scm-vue-emp/src/router/index.js:43	scm-vue-all/scm-vue-emp/src/views/SupplierAccess/onSiteAuditMgt/index.vue
/SupplierAccess/potentialSupplierMgt	scm-vue-all/scm-vue-emp	scm-vue-all/scm-vue-emp/src/router/index.js:18	scm-vue-all/scm-vue-emp/src/views/SupplierAccess/potentialSupplierMgt/index.vue
/SupplierAccess/potentialSupplierMgt/registeredAgent	scm-vue-all/scm-vue-emp	scm-vue-all/scm-vue-emp/src/router/index.js:30	scm-vue-all/scm-vue-emp/src/views/SupplierAccess/formalApply/index.vue
/SupplierAccess/productList	scm-vue-all/scm-vue-emp	scm-vue-all/scm-vue-emp/src/router/index.js:67	scm-vue-all/scm-vue-emp/src/views/SupplierAccess/productList/index.vue
/SupplierAccess/productListView	scm-vue-all/scm-vue-emp	scm-vue-all/scm-vue-emp/src/router/index.js:73	scm-vue-all/scm-vue-emp/src/views/SupplierAccess/productList/productList_view.vue
/SupplierAccess/qualificationAuditMgt	scm-vue-all/scm-vue-emp	scm-vue-all/scm-vue-emp/src/router/index.js:37	scm-vue-all/scm-vue-emp/src/views/SupplierAccess/qualificationAuditMgt/index.vue
/SupplierAccess/qualifications/examine	scm-vue-all/scm-vue-emp	scm-vue-all/scm-vue-emp/src/router/index.js:328	scm-vue-all/scm-vue-emp/src/views/Qualifications/index.vue
/SupplierAccess/serviceRelation	scm-vue-all/scm-vue-emp	scm-vue-all/scm-vue-emp/src/router/index.js:49	scm-vue-all/scm-vue-emp/src/views/SupplierAccess/serviceRelation/index.vue
/SupplierAccess/serviceRelation/detailServiceRelation	scm-vue-all/scm-vue-emp	scm-vue-all/scm-vue-emp/src/router/index.js:55	scm-vue-all/scm-vue-emp/src/views/SupplierAccess/serviceRelation/detailServiceRelation.vue
/SupplierAccess/serviceRelation/detailSubServiceRelation	scm-vue-all/scm-vue-emp	scm-vue-all/scm-vue-emp/src/router/index.js:61	scm-vue-all/scm-vue-emp/src/views/SupplierAccess/serviceRelation/detailSubServiceRelation.vue
/SupplierFile/ContractorPerson	scm-vue-all/scm-vue-emp	scm-vue-all/scm-vue-emp/src/router/index.js:208	scm-vue-all/scm-vue-emp/src/views/SupplierFile/ContractorPerson/index.vue
/SupplierFile/ContractorPerson/detailContractorPerson	scm-vue-all/scm-vue-emp	scm-vue-all/scm-vue-emp/src/router/index.js:220	scm-vue-all/scm-vue-emp/src/views/SupplierFile/ContractorPerson/detailContractorPerson.vue
/SupplierFile/ContractorPersonAudit	scm-vue-all/scm-vue-emp	scm-vue-all/scm-vue-emp/src/router/index.js:214	scm-vue-all/scm-vue-emp/src/views/SupplierFile/ContractorPerson/ContractorPersonAudit.vue
/SupplierFile/SupplierDetail	scm-vue-all/scm-vue-emp	scm-vue-all/scm-vue-emp/src/router/index.js:202	scm-vue-all/scm-vue-emp/src/views/SupplierFile/SupplierDetail/index.vue
/SupplierFile/SupplierFileMgt	scm-vue-all/scm-vue-emp	scm-vue-all/scm-vue-emp/src/router/index.js:196	scm-vue-all/scm-vue-emp/src/views/SupplierFile/SupplierFileMgt/index.vue
/SupplierFile/detailSupplierLinkman	scm-vue-all/scm-vue-emp	scm-vue-all/scm-vue-emp/src/router/index.js:269	scm-vue-all/scm-vue-emp/src/views/SupplierFile/supplierLinkmanMgt/detailSupplierLinkman.vue
/SupplierFile/informationAudit	scm-vue-all/scm-vue-emp	scm-vue-all/scm-vue-emp/src/router/index.js:257	scm-vue-all/scm-vue-emp/src/views/SupplierFile/InformationChange/informationAudit.vue
/SupplierFile/informationChange	scm-vue-all/scm-vue-emp	scm-vue-all/scm-vue-emp/src/router/index.js:245	scm-vue-all/scm-vue-emp/src/views/SupplierFile/InformationChange/index.vue
/SupplierFile/informationChange/informationChangeDetail	scm-vue-all/scm-vue-emp	scm-vue-all/scm-vue-emp/src/router/index.js:251	scm-vue-all/scm-vue-emp/src/views/SupplierFile/InformationChange/informationChangeDetail.vue
/SupplierFile/supplierLinkmanAudit	scm-vue-all/scm-vue-emp	scm-vue-all/scm-vue-emp/src/router/index.js:275	scm-vue-all/scm-vue-emp/src/views/SupplierFile/supplierLinkmanMgt/supplierLinkmanAudit.vue
/SupplierFile/supplierLinkmanMgt	scm-vue-all/scm-vue-emp	scm-vue-all/scm-vue-emp/src/router/index.js:263	scm-vue-all/scm-vue-emp/src/views/SupplierFile/supplierLinkmanMgt/index.vue
/SupplierFile/supplierSubcontractor	scm-vue-all/scm-vue-emp	scm-vue-all/scm-vue-emp/src/router/index.js:227	scm-vue-all/scm-vue-emp/src/views/SupplierFile/supplierSubcontractor/index.vue
/SupplierFile/supplierSubcontractor/detailSubcontractor	scm-vue-all/scm-vue-emp	scm-vue-all/scm-vue-emp/src/router/index.js:239	scm-vue-all/scm-vue-emp/src/views/SupplierFile/supplierSubcontractor/detailSubcontractor.vue
/SupplierFile/supplierSubcontractorAudit	scm-vue-all/scm-vue-emp	scm-vue-all/scm-vue-emp/src/router/index.js:233	scm-vue-all/scm-vue-emp/src/views/SupplierFile/supplierSubcontractor/supplierSubcontractorAudit.vue
/approveMgt/compulsoryDisclosureApproval/detail	scm-vue-all/scm-vue-emp	scm-vue-all/scm-vue-emp/src/router/index.js:368	scm-vue-all/scm-vue-emp/src/views/approveMgt/compulsoryDisclosureApproval/destail.vue
/approveMgt/dealPlanApprovalMgt/planApproval/:dealResultId?	scm-vue-all/scm-vue-emp	scm-vue-all/scm-vue-emp/src/router/index.js:350	scm-vue-all/scm-vue-emp/src/views/approveMgt/dealPlanApprovalMgt/planApproval.vue
/approveMgt/dealPlanApprovalMgt/planApprovalDetail/:dealResultId?	scm-vue-all/scm-vue-emp	scm-vue-all/scm-vue-emp/src/router/index.js:356	scm-vue-all/scm-vue-emp/src/views/approveMgt/dealPlanApprovalMgt/planApprovalDetail.vue
/approveMgt/purchaseSchemeApproval/destail	scm-vue-all/scm-vue-emp	scm-vue-all/scm-vue-emp/src/router/index.js:362	scm-vue-all/scm-vue-emp/src/views/approveMgt/purchaseSchemeApproval/destail.vue
/audit/AuditInformation	scm-vue-all/scm-vue-emp	scm-vue-all/scm-vue-emp/src/router/index.js:321	scm-vue-all/scm-vue-emp/src/views/SupplierFile/AuditInformation/index.vue
/audit/AuditSupplier	scm-vue-all/scm-vue-emp	scm-vue-all/scm-vue-emp/src/router/index.js:309	scm-vue-all/scm-vue-emp/src/views/SupplierAccess/AuditSupplier/index.vue
/audit/registeredAgentAudit	scm-vue-all/scm-vue-emp	scm-vue-all/scm-vue-emp/src/router/index.js:315	scm-vue-all/scm-vue-emp/src/views/SupplierAccess/AuditSupplier/index2.vue
/backlog	scm-vue-all/scm-vue-emp	scm-vue-all/scm-vue-emp/src/router/index.js:341	scm-vue-all/scm-vue-emp/src/views/backlog/backlog.vue
/needApprove/needApproveDetail	scm-vue-all/scm-vue-emp	scm-vue-all/scm-vue-emp/src/router/index.js:374	scm-vue-all/scm-vue-emp/src/views/approveMgt/needApprove/needApproveDetail.vue
/protocolAgent/approve	scm-vue-all/scm-vue-emp	scm-vue-all/scm-vue-emp/src/router/index.js:386	scm-vue-all/scm-vue-emp/src/views/todoCenter/protocolAgent_approve.vue
/protocolAgent/detail	scm-vue-all/scm-vue-emp	scm-vue-all/scm-vue-emp/src/router/index.js:392	scm-vue-all/scm-vue-emp/src/views/todoCenter/protocolAgent_Detail.vue
/purchaseApprove/planApproveDetail	scm-vue-all/scm-vue-emp	scm-vue-all/scm-vue-emp/src/router/index.js:380	scm-vue-all/scm-vue-emp/src/views/approveMgt/purchaseApprove/purchaseApproveDetail.vue
/qualifications/approve	scm-vue-all/scm-vue-emp	scm-vue-all/scm-vue-emp/src/router/index.js:334	scm-vue-all/scm-vue-emp/src/views/Qualifications/approve.vue
/supplierEvaluation/appeal	scm-vue-all/scm-vue-emp	scm-vue-all/scm-vue-emp/src/router/index.js:444	scm-vue-all/scm-vue-emp/src/views/supplierEvaluationAppeal/index.vue
/supplierEvaluation/appealDetail	scm-vue-all/scm-vue-emp	scm-vue-all/scm-vue-emp/src/router/index.js:456	scm-vue-all/scm-vue-emp/src/views/supplierEvaluationAppeal/appealDetail.vue
/supplierEvaluation/detailScore	scm-vue-all/scm-vue-emp	scm-vue-all/scm-vue-emp/src/router/index.js:431	scm-vue-all/scm-vue-emp/src/views/supplierEvaluationRecord/detailScore.vue
/supplierEvaluation/detailWeight	scm-vue-all/scm-vue-emp	scm-vue-all/scm-vue-emp/src/router/index.js:437	scm-vue-all/scm-vue-emp/src/views/supplierEvaluationRecord/detailWeight.vue
/supplierEvaluation/evaluate1	scm-vue-all/scm-vue-emp	scm-vue-all/scm-vue-emp/src/router/index.js:406	scm-vue-all/scm-vue-emp/src/views/supplierEvaluation/evaluate_1.vue
/supplierEvaluation/evaluate1score	scm-vue-all/scm-vue-emp	scm-vue-all/scm-vue-emp/src/router/index.js:418	scm-vue-all/scm-vue-emp/src/views/supplierEvaluation/evaluate_1_score.vue
/supplierEvaluation/evaluate1weight	scm-vue-all/scm-vue-emp	scm-vue-all/scm-vue-emp/src/router/index.js:412	scm-vue-all/scm-vue-emp/src/views/supplierEvaluation/evaluate_1_weight.vue
/supplierEvaluation/handleAppeal	scm-vue-all/scm-vue-emp	scm-vue-all/scm-vue-emp/src/router/index.js:450	scm-vue-all/scm-vue-emp/src/views/supplierEvaluationAppeal/handleAppeal.vue
/supplierEvaluation/list	scm-vue-all/scm-vue-emp	scm-vue-all/scm-vue-emp/src/router/index.js:400	scm-vue-all/scm-vue-emp/src/views/supplierEvaluation/index.vue
/supplierEvaluation/record	scm-vue-all/scm-vue-emp	scm-vue-all/scm-vue-emp/src/router/index.js:425	scm-vue-all/scm-vue-emp/src/views/supplierEvaluationRecord/index.vue
/supplierStopEnable/auditList	scm-vue-all/scm-vue-emp	scm-vue-all/scm-vue-emp/src/router/index.js:112	scm-vue-all/scm-vue-emp/src/views/supplierStopEnable/auditList.vue
/supplierStopEnable/enableApply	scm-vue-all/scm-vue-emp	scm-vue-all/scm-vue-emp/src/router/index.js:125	scm-vue-all/scm-vue-emp/src/views/supplierStopEnable/enableApply.vue
/supplierStopEnable/enableDetail	scm-vue-all/scm-vue-emp	scm-vue-all/scm-vue-emp/src/router/index.js:137	scm-vue-all/scm-vue-emp/src/views/supplierStopEnable/enableDetail.vue
/supplierStopEnable/enableSmallApply	scm-vue-all/scm-vue-emp	scm-vue-all/scm-vue-emp/src/router/index.js:131	scm-vue-all/scm-vue-emp/src/views/supplierStopEnable/enableSmallApply.vue
/supplierStopEnable/list	scm-vue-all/scm-vue-emp	scm-vue-all/scm-vue-emp/src/router/index.js:106	scm-vue-all/scm-vue-emp/src/views/supplierStopEnable/index.vue
/supplierStopEnable/smallList	scm-vue-all/scm-vue-emp	scm-vue-all/scm-vue-emp/src/router/index.js:119	scm-vue-all/scm-vue-emp/src/views/supplierStopEnable/index2.vue
/supplierStopEnable/stopApply	scm-vue-all/scm-vue-emp	scm-vue-all/scm-vue-emp/src/router/index.js:143	scm-vue-all/scm-vue-emp/src/views/supplierStopEnable/stopApply.vue
/supplierStopEnable/stopDetail	scm-vue-all/scm-vue-emp	scm-vue-all/scm-vue-emp/src/router/index.js:155	scm-vue-all/scm-vue-emp/src/views/supplierStopEnable/stopDetail.vue
/supplierStopEnable/stopSmallApply	scm-vue-all/scm-vue-emp	scm-vue-all/scm-vue-emp/src/router/index.js:149	scm-vue-all/scm-vue-emp/src/views/supplierStopEnable/stopSmallApply.vue
/supplierStopEnable/supplierFreezAduit	scm-vue-all/scm-vue-emp	scm-vue-all/scm-vue-emp/src/router/index.js:167	scm-vue-all/scm-vue-emp/src/views/supplierStopEnable/supplierFreezAduit.vue
/supplierStopEnable/supplierFreezingThaw	scm-vue-all/scm-vue-emp	scm-vue-all/scm-vue-emp/src/router/index.js:161	scm-vue-all/scm-vue-emp/src/views/supplierStopEnable/supplierFreezingThaw.vue
/supplierStopEnable/supplierThawing	scm-vue-all/scm-vue-emp	scm-vue-all/scm-vue-emp/src/router/index.js:185	scm-vue-all/scm-vue-emp/src/views/supplierStopEnable/supplierThawing.vue
/supplierStopEnable/supplierThawingApply	scm-vue-all/scm-vue-emp	scm-vue-all/scm-vue-emp/src/router/index.js:173	scm-vue-all/scm-vue-emp/src/views/supplierStopEnable/supplierThawingApply.vue
/supplierStopEnable/supplierThawingAudit	scm-vue-all/scm-vue-emp	scm-vue-all/scm-vue-emp/src/router/index.js:179	scm-vue-all/scm-vue-emp/src/views/supplierStopEnable/supplierThawingAudit.vue
/todoCenter	scm-vue-all/scm-vue-emp	scm-vue-all/scm-vue-emp/src/router/index.js:284	scm-vue-all/scm-vue-emp/src/views/todoCenter/index.vue
/todoCenter/supplierMainProduct	scm-vue-all/scm-vue-emp	scm-vue-all/scm-vue-emp/src/router/index.js:290	scm-vue-all/scm-vue-emp/src/views/todoCenter/supplier_main_product_approve.vue
/todoCenter/supplierMainProductDetail	scm-vue-all/scm-vue-emp	scm-vue-all/scm-vue-emp/src/router/index.js:296	scm-vue-all/scm-vue-emp/src/views/todoCenter/supplier_main_product_Detail.vue
/todoCenter/supplisrAudit	scm-vue-all/scm-vue-emp	scm-vue-all/scm-vue-emp/src/router/index.js:302	scm-vue-all/scm-vue-emp/src/views/todoCenter/supplierAuditForm.vue
/	scm-vue-all/scm-vue-expertMgt	scm-vue-all/scm-vue-expertMgt/src/router/index.js:8	scm-vue-all/scm-vue-expertMgt/src/views/Home.vue
/expertReviewMgt/ReviewMgt	scm-vue-all/scm-vue-expertMgt	scm-vue-all/scm-vue-expertMgt/src/router/index.js:23	
/expertReviewMgt/ReviewMgt/summaryScoreList	scm-vue-all/scm-vue-expertMgt	scm-vue-all/scm-vue-expertMgt/src/router/index.js:50	
/expertReviewMgt/ReviewMgtDetail	scm-vue-all/scm-vue-expertMgt	scm-vue-all/scm-vue-expertMgt/src/router/index.js:45	
/expertReviewMgt/evaluateTask/taskIndex	scm-vue-all/scm-vue-expertMgt	scm-vue-all/scm-vue-expertMgt/src/router/index.js:40	
/expertReviewMgt/examine	scm-vue-all/scm-vue-expertMgt	scm-vue-all/scm-vue-expertMgt/src/router/index.js:28	scm-vue-all/scm-vue-expertMgt/src/views/unBid/examine.vue
/expertReviewMgt/examineBusiness	scm-vue-all/scm-vue-expertMgt	scm-vue-all/scm-vue-expertMgt/src/router/index.js:33	scm-vue-all/scm-vue-expertMgt/src/views/unBid/examineBusiness.vue
/iframe/:id/:a?/:b?/:c?/:d?/:e?/:f?/:g?/:h?	scm-vue-all/scm-vue-expertMgt	scm-vue-all/scm-vue-expertMgt/src/router/index.js:15	
/userExpert/personalInfoMain	scm-vue-all/scm-vue-expertMgt	scm-vue-all/scm-vue-expertMgt/src/router/index.js:58	
/	scm-vue-all/scm-vue-forcepassword	scm-vue-all/scm-vue-forcepassword/src/router/index.js:8	scm-vue-all/scm-vue-forcepassword/src/views/ForcePassword/index.vue
/forcePassword	scm-vue-all/scm-vue-forcepassword	scm-vue-all/scm-vue-forcepassword/src/router/index.js:14	scm-vue-all/scm-vue-forcepassword/src/views/ForcePassword/index.vue
/	scm-vue-all/scm-vue-forgetpassword	scm-vue-all/scm-vue-forgetpassword/src/router/index.js:8	scm-vue-all/scm-vue-forgetpassword/src/views/resetPassword/index.vue
/resetPassword	scm-vue-all/scm-vue-forgetpassword	scm-vue-all/scm-vue-forgetpassword/src/router/index.js:14	scm-vue-all/scm-vue-forgetpassword/src/views/resetPassword/index.vue
/	scm-vue-all/scm-vue-hpc	scm-vue-all/scm-vue-hpc/src/router/index.js:12	scm-vue-all/scm-vue-hpc/src/views/Home.vue
/content	scm-vue-all/scm-vue-hpc	scm-vue-all/scm-vue-hpc/src/router/index.js:22	scm-vue-all/scm-vue-hpc/src/views/content.vue
/expect	scm-vue-all/scm-vue-hpc	scm-vue-all/scm-vue-hpc/src/router/index.js:50	scm-vue-all/scm-vue-hpc/src/views/Expect/index.vue
/introduce	scm-vue-all/scm-vue-hpc	scm-vue-all/scm-vue-hpc/src/router/index.js:45	scm-vue-all/scm-vue-hpc/src/views/Introduce/index.vue
/notice	scm-vue-all/scm-vue-hpc	scm-vue-all/scm-vue-hpc/src/router/index.js:32	scm-vue-all/scm-vue-hpc/src/views/notice.vue
/noticeContent	scm-vue-all/scm-vue-hpc	scm-vue-all/scm-vue-hpc/src/router/index.js:27	scm-vue-all/scm-vue-hpc/src/views/NoticeContent.vue
/noticeList	scm-vue-all/scm-vue-hpc	scm-vue-all/scm-vue-hpc/src/router/index.js:17	scm-vue-all/scm-vue-hpc/src/views/notice/NoticeList.vue
/supplier	scm-vue-all/scm-vue-hpc	scm-vue-all/scm-vue-hpc/src/router/index.js:40	scm-vue-all/scm-vue-hpc/src/views/Supplier/index.vue
/	scm-vue-all/scm-vue-login	scm-vue-all/scm-vue-login/src/router/index.js:8	scm-vue-all/scm-vue-login/src/views/new-login/index.vue
/expertsLogin	scm-vue-all/scm-vue-login	scm-vue-all/scm-vue-login/src/router/index.js:26	scm-vue-all/scm-vue-login/src/views/new-login/expertsLogin.vue
/internalLogin	scm-vue-all/scm-vue-login	scm-vue-all/scm-vue-login/src/router/index.js:20	scm-vue-all/scm-vue-login/src/views/new-login/index.vue
/login	scm-vue-all/scm-vue-login	scm-vue-all/scm-vue-login/src/router/index.js:14	scm-vue-all/scm-vue-login/src/views/new-login/index.vue
/	scm-vue-all/scm-vue-mdm	scm-vue-all/scm-vue-mdm/src/router/index.js:8	scm-vue-all/scm-vue-mdm/src/views/Home.vue
/basicMgmt/menuMgt	scm-vue-all/scm-vue-mdm	scm-vue-all/scm-vue-mdm/src/router/index.js:15	
/mdm/centralizedPurchaseGroupConfig	scm-vue-all/scm-vue-mdm	scm-vue-all/scm-vue-mdm/src/router/index.js:107	scm-vue-all/scm-vue-mdm/src/views/centralizedPurchaseGroupConfig/index.vue
/mdm/centralizedPurchaseGroupConfig/add	scm-vue-all/scm-vue-mdm	scm-vue-all/scm-vue-mdm/src/router/index.js:112	scm-vue-all/scm-vue-mdm/src/views/centralizedPurchaseGroupConfig/addOrEdit.vue
/mdm/centralizedPurchaseGroupConfig/materialConfig	scm-vue-all/scm-vue-mdm	scm-vue-all/scm-vue-mdm/src/router/index.js:122	scm-vue-all/scm-vue-mdm/src/views/centralizedPurchaseGroupConfig/materialConfig.vue
/mdm/centralizedPurchaseGroupConfig/personnelConfig	scm-vue-all/scm-vue-mdm	scm-vue-all/scm-vue-mdm/src/router/index.js:117	scm-vue-all/scm-vue-mdm/src/views/centralizedPurchaseGroupConfig/personnelConfig.vue
/mdm/demandDusinessScopeConfig	scm-vue-all/scm-vue-mdm	scm-vue-all/scm-vue-mdm/src/router/index.js:65	scm-vue-all/scm-vue-mdm/src/views/demandDusinessScopeConfig/index.vue
/mdm/demandDusinessScopeConfig/add	scm-vue-all/scm-vue-mdm	scm-vue-all/scm-vue-mdm/src/router/index.js:70	scm-vue-all/scm-vue-mdm/src/views/demandDusinessScopeConfig/addOrEdit.vue
/mdm/demandDusinessScopeConfig/configurationRange	scm-vue-all/scm-vue-mdm	scm-vue-all/scm-vue-mdm/src/router/index.js:75	scm-vue-all/scm-vue-mdm/src/views/demandDusinessScopeConfig/configurationRange.vue
/mdm/erpPurchaseOrg	scm-vue-all/scm-vue-mdm	scm-vue-all/scm-vue-mdm/src/router/index.js:128	
/mdm/factoryMgt	scm-vue-all/scm-vue-mdm	scm-vue-all/scm-vue-mdm/src/router/index.js:27	scm-vue-all/scm-vue-mdm/src/views/factoryMgt/index.vue
/mdm/factoryMgt/add	scm-vue-all/scm-vue-mdm	scm-vue-all/scm-vue-mdm/src/router/index.js:32	scm-vue-all/scm-vue-mdm/src/views/factoryMgt/addOrEdit.vue
/mdm/materialMgt	scm-vue-all/scm-vue-mdm	scm-vue-all/scm-vue-mdm/src/router/index.js:21	scm-vue-all/scm-vue-mdm/src/views/materialMgt/index.vue
/mdm/orderTypeMgt	scm-vue-all/scm-vue-mdm	scm-vue-all/scm-vue-mdm/src/router/index.js:141	
/mdm/professionalClassificationConfigure	scm-vue-all/scm-vue-mdm	scm-vue-all/scm-vue-mdm/src/router/index.js:59	scm-vue-all/scm-vue-mdm/src/views/professionalClassificationConfigure/index.vue
/mdm/professionalClassificationConfigure/add	scm-vue-all/scm-vue-mdm	scm-vue-all/scm-vue-mdm/src/router/index.js:49	scm-vue-all/scm-vue-mdm/src/views/professionalClassificationConfigure/addOrEdit.vue
/mdm/professionalClassificationConfigure/editMaterial	scm-vue-all/scm-vue-mdm	scm-vue-all/scm-vue-mdm/src/router/index.js:54	scm-vue-all/scm-vue-mdm/src/views/professionalClassificationConfigure/editMaterial.vue
/mdm/purchaseApplyType	scm-vue-all/scm-vue-mdm	scm-vue-all/scm-vue-mdm/src/router/index.js:135	
/mdm/purchaseGroupConfig	scm-vue-all/scm-vue-mdm	scm-vue-all/scm-vue-mdm/src/router/index.js:81	scm-vue-all/scm-vue-mdm/src/views/purchaseGroupConfig/index.vue
/mdm/purchaseGroupConfig/add	scm-vue-all/scm-vue-mdm	scm-vue-all/scm-vue-mdm/src/router/index.js:86	scm-vue-all/scm-vue-mdm/src/views/purchaseGroupConfig/addOrEdit.vue
/mdm/purchaseGroupConfig/materialConfig	scm-vue-all/scm-vue-mdm	scm-vue-all/scm-vue-mdm/src/router/index.js:96	scm-vue-all/scm-vue-mdm/src/views/purchaseGroupConfig/materialConfig.vue
/mdm/purchaseGroupConfig/mtrConfig	scm-vue-all/scm-vue-mdm	scm-vue-all/scm-vue-mdm/src/router/index.js:101	scm-vue-all/scm-vue-mdm/src/views/purchaseGroupConfig/materialConfigNew.vue
/mdm/purchaseGroupConfig/personnelConfig	scm-vue-all/scm-vue-mdm	scm-vue-all/scm-vue-mdm/src/router/index.js:91	scm-vue-all/scm-vue-mdm/src/views/purchaseGroupConfig/personnelConfig.vue
/mdm/purchaseOrgMgt	scm-vue-all/scm-vue-mdm	scm-vue-all/scm-vue-mdm/src/router/index.js:38	scm-vue-all/scm-vue-mdm/src/views/purchaseOrgMgt/index.vue
/mdm/purchaseOrgMgt/add	scm-vue-all/scm-vue-mdm	scm-vue-all/scm-vue-mdm/src/router/index.js:43	scm-vue-all/scm-vue-mdm/src/views/purchaseOrgMgt/addOrEdit.vue
/	scm-vue-all/scm-vue-order-purchase	scm-vue-all/scm-vue-order-purchase/src/router/index.js:8	scm-vue-all/scm-vue-order-purchase/src/views/Home.vue
/buyerCenter/Invoice/invoiceApply/:orderId/:bookBy/:billId/:billMoney/:companyId?/:companyName?	scm-vue-all/scm-vue-order-purchase	scm-vue-all/scm-vue-order-purchase/src/router/index.js:41	scm-vue-all/scm-vue-order-purchase/src/views/Invoicelist/invoiceCon/invoiceApply.vue
/buyerCenter/InvoicelistS	scm-vue-all/scm-vue-order-purchase	scm-vue-all/scm-vue-order-purchase/src/router/index.js:35	scm-vue-all/scm-vue-order-purchase/src/views/Invoicelist/index.vue
/buyerCenter/ReceivingTicketAddress	scm-vue-all/scm-vue-order-purchase	scm-vue-all/scm-vue-order-purchase/src/router/index.js:120	scm-vue-all/scm-vue-order-purchase/src/views/ReceivingTicketAddress/index.vue
/buyerCenter/ReceivingTicketAddress/add	scm-vue-all/scm-vue-order-purchase	scm-vue-all/scm-vue-order-purchase/src/router/index.js:125	scm-vue-all/scm-vue-order-purchase/src/views/ReceivingTicketAddress/addOrEdit.vue
/buyerCenter/ReceivingTicketAddress/view	scm-vue-all/scm-vue-order-purchase	scm-vue-all/scm-vue-order-purchase/src/router/index.js:130	scm-vue-all/scm-vue-order-purchase/src/views/ReceivingTicketAddress/addressView.vue
/buyerCenter/ReconciliationLists	scm-vue-all/scm-vue-order-purchase	scm-vue-all/scm-vue-order-purchase/src/router/index.js:14	scm-vue-all/scm-vue-order-purchase/src/views/ReconciliationLists/list.vue
/buyerCenter/ReconciliationLists/ReconciliationListsDetail	scm-vue-all/scm-vue-order-purchase	scm-vue-all/scm-vue-order-purchase/src/router/index.js:19	scm-vue-all/scm-vue-order-purchase/src/views/ReconciliationLists/ReconciliationDetails.vue
/buyerCenter/ReconciliationLists/afterSaleDetail	scm-vue-all/scm-vue-order-purchase	scm-vue-all/scm-vue-order-purchase/src/router/index.js:29	scm-vue-all/scm-vue-order-purchase/src/views/ReconciliationLists/afterSaleDetail.vue
/buyerCenter/ReconciliationLists/postSaleMoneyDetails	scm-vue-all/scm-vue-order-purchase	scm-vue-all/scm-vue-order-purchase/src/router/index.js:24	scm-vue-all/scm-vue-order-purchase/src/views/ReconciliationLists/PostSaleMoneyDetails.vue
/buyerCenter/afterSaleList	scm-vue-all/scm-vue-order-purchase	scm-vue-all/scm-vue-order-purchase/src/router/index.js:168	scm-vue-all/scm-vue-order-purchase/src/views/afterSaleList/index.vue
/buyerCenter/afterSaleList/afterSaleDetailConfirm	scm-vue-all/scm-vue-order-purchase	scm-vue-all/scm-vue-order-purchase/src/router/index.js:173	scm-vue-all/scm-vue-order-purchase/src/views/afterSaleList/afterSaleDetailConfirm.vue
/buyerCenter/afterSaleList/afterSaleListDetail	scm-vue-all/scm-vue-order-purchase	scm-vue-all/scm-vue-order-purchase/src/router/index.js:178	scm-vue-all/scm-vue-order-purchase/src/views/afterSaleList/afterSaleListDetail.vue
/buyerCenter/agreementOrderCompile	scm-vue-all/scm-vue-order-purchase	scm-vue-all/scm-vue-order-purchase/src/router/index.js:248	scm-vue-all/scm-vue-order-purchase/src/views/agreementOrderCompile/index.vue
/buyerCenter/applyForAfterSale	scm-vue-all/scm-vue-order-purchase	scm-vue-all/scm-vue-order-purchase/src/router/index.js:189	scm-vue-all/scm-vue-order-purchase/src/views/applyForAfterSale/index.vue
/buyerCenter/applyForAfterSale/afterSaleConfirm	scm-vue-all/scm-vue-order-purchase	scm-vue-all/scm-vue-order-purchase/src/router/index.js:194	scm-vue-all/scm-vue-order-purchase/src/views/applyForAfterSale/afterSaleConfirm.vue
/buyerCenter/matchingAgreement	scm-vue-all/scm-vue-order-purchase	scm-vue-all/scm-vue-order-purchase/src/router/index.js:254	scm-vue-all/scm-vue-order-purchase/src/views/agreementOrderCompile/matchingAgreement.vue
/buyerCenter/myOrder	scm-vue-all/scm-vue-order-purchase	scm-vue-all/scm-vue-order-purchase/src/router/index.js:87	
/buyerCenter/myOrder/Detail	scm-vue-all/scm-vue-order-purchase	scm-vue-all/scm-vue-order-purchase/src/router/index.js:92	
/buyerCenter/myPurchaseOrder	scm-vue-all/scm-vue-order-purchase	scm-vue-all/scm-vue-order-purchase/src/router/index.js:72	scm-vue-all/scm-vue-order-purchase/src/views/myPurchaseOrder/index.vue
/buyerCenter/myPurchaseOrder/Audit	scm-vue-all/scm-vue-order-purchase	scm-vue-all/scm-vue-order-purchase/src/router/index.js:77	scm-vue-all/scm-vue-order-purchase/src/views/myPurchaseOrder/Audit/index.vue
/buyerCenter/myPurchaseOrder/Detail	scm-vue-all/scm-vue-order-purchase	scm-vue-all/scm-vue-order-purchase/src/router/index.js:82	scm-vue-all/scm-vue-order-purchase/src/views/myPurchaseOrder/Detail/index.vue
/buyerCenter/orderApproval	scm-vue-all/scm-vue-order-purchase	scm-vue-all/scm-vue-order-purchase/src/router/index.js:97	
/buyerCenter/orderMgt/add	scm-vue-all/scm-vue-order-purchase	scm-vue-all/scm-vue-order-purchase/src/router/index.js:57	scm-vue-all/scm-vue-order-purchase/src/views/orderMgt/add.vue
/buyerCenter/orderMgt/edit/:orderId	scm-vue-all/scm-vue-order-purchase	scm-vue-all/scm-vue-order-purchase/src/router/index.js:62	scm-vue-all/scm-vue-order-purchase/src/views/order/editOrder.vue
/buyerCenter/orderMgt/list	scm-vue-all/scm-vue-order-purchase	scm-vue-all/scm-vue-order-purchase/src/router/index.js:47	scm-vue-all/scm-vue-order-purchase/src/views/orderMgt/index.vue
/buyerCenter/orderMgt/save/:orderId?	scm-vue-all/scm-vue-order-purchase	scm-vue-all/scm-vue-order-purchase/src/router/index.js:67	scm-vue-all/scm-vue-order-purchase/src/views/orderMgt/saveORSubmit.vue
/buyerCenter/protocolOrderMgt/protocolOrder	scm-vue-all/scm-vue-order-purchase	scm-vue-all/scm-vue-order-purchase/src/router/index.js:52	scm-vue-all/scm-vue-order-purchase/src/views/protocolOrderMgt/protocolOrder.vue
/buyerCenter/receiptConfirm	scm-vue-all/scm-vue-order-purchase	scm-vue-all/scm-vue-order-purchase/src/router/index.js:200	scm-vue-all/scm-vue-order-purchase/src/views/receiptConfirm/index.vue
/buyerCenter/receiptConfirm/receiptConfirmDetail	scm-vue-all/scm-vue-order-purchase	scm-vue-all/scm-vue-order-purchase/src/router/index.js:211	scm-vue-all/scm-vue-order-purchase/src/views/receiptConfirm/receiptConfirmDetail.vue
/buyerCenter/receivingAddress	scm-vue-all/scm-vue-order-purchase	scm-vue-all/scm-vue-order-purchase/src/router/index.js:103	scm-vue-all/scm-vue-order-purchase/src/views/ReceivingAddress/index.vue
/buyerCenter/receivingAddress/add	scm-vue-all/scm-vue-order-purchase	scm-vue-all/scm-vue-order-purchase/src/router/index.js:108	scm-vue-all/scm-vue-order-purchase/src/views/ReceivingAddress/addOrEdit.vue
/buyerCenter/receivingAddress/view	scm-vue-all/scm-vue-order-purchase	scm-vue-all/scm-vue-order-purchase/src/router/index.js:113	scm-vue-all/scm-vue-order-purchase/src/views/ReceivingAddress/addressView.vue
/buyerCenter/ticketInfoMgt/ticketAdd	scm-vue-all/scm-vue-order-purchase	scm-vue-all/scm-vue-order-purchase/src/router/index.js:141	
/buyerCenter/ticketInfoMgt/ticketDetail	scm-vue-all/scm-vue-order-purchase	scm-vue-all/scm-vue-order-purchase/src/router/index.js:146	
/buyerCenter/ticketInfoMgt/ticketList	scm-vue-all/scm-vue-order-purchase	scm-vue-all/scm-vue-order-purchase/src/router/index.js:136	
/buyerCenter/viewReceivingNote	scm-vue-all/scm-vue-order-purchase	scm-vue-all/scm-vue-order-purchase/src/router/index.js:206	scm-vue-all/scm-vue-order-purchase/src/views/receiptConfirm/viewReceivingNote.vue
/receivingAndSend	scm-vue-all/scm-vue-order-purchase	scm-vue-all/scm-vue-order-purchase/src/router/index.js:183	scm-vue-all/scm-vue-order-purchase/src/views/afterSaleList/receivingAndSend.vue
/report/order/orderBillDiffList	scm-vue-all/scm-vue-order-purchase	scm-vue-all/scm-vue-order-purchase/src/router/index.js:242	scm-vue-all/scm-vue-order-purchase/src/views/orderReport/orderBillDiffList.vue
/report/order/reportAccountPeriodList	scm-vue-all/scm-vue-order-purchase	scm-vue-all/scm-vue-order-purchase/src/router/index.js:232	scm-vue-all/scm-vue-order-purchase/src/views/orderReport/reportAccountPeriodList.vue
/report/order/reportBillList	scm-vue-all/scm-vue-order-purchase	scm-vue-all/scm-vue-order-purchase/src/router/index.js:237	scm-vue-all/scm-vue-order-purchase/src/views/orderReport/reportBillList.vue
/report/order/reportDetailList	scm-vue-all/scm-vue-order-purchase	scm-vue-all/scm-vue-order-purchase/src/router/index.js:222	scm-vue-all/scm-vue-order-purchase/src/views/orderReport/reportDetailList.vue
/report/order/reportList	scm-vue-all/scm-vue-order-purchase	scm-vue-all/scm-vue-order-purchase/src/router/index.js:217	scm-vue-all/scm-vue-order-purchase/src/views/orderReport/reportList.vue
/report/order/reportTimeList	scm-vue-all/scm-vue-order-purchase	scm-vue-all/scm-vue-order-purchase/src/router/index.js:227	scm-vue-all/scm-vue-order-purchase/src/views/orderReport/reportTimeList.vue
/ticketInfoMgt/ticketAdd	scm-vue-all/scm-vue-order-purchase	scm-vue-all/scm-vue-order-purchase/src/router/index.js:157	
/ticketInfoMgt/ticketDetail	scm-vue-all/scm-vue-order-purchase	scm-vue-all/scm-vue-order-purchase/src/router/index.js:162	
/ticketInfoMgt/ticketList	scm-vue-all/scm-vue-order-purchase	scm-vue-all/scm-vue-order-purchase/src/router/index.js:152	
/	scm-vue-all/scm-vue-order-supplier	scm-vue-all/scm-vue-order-supplier/src/router/index.js:8	scm-vue-all/scm-vue-order-supplier/src/views/Home.vue
/sellerCenter/Invoice/alreadyApplyInvoice/:orderId/:bookBy/:billId/:billMoney/:companyId?/:companyName?	scm-vue-all/scm-vue-order-supplier	scm-vue-all/scm-vue-order-supplier/src/router/index.js:59	scm-vue-all/scm-vue-order-supplier/src/views/Invoicelist/invoiceCon/alreadyApplyInvoice.vue
/sellerCenter/Invoice/applyInvoice/:invoicedId/:orderId/:bookBy/:billId/:billMoney/:companyId?/:companyName?	scm-vue-all/scm-vue-order-supplier	scm-vue-all/scm-vue-order-supplier/src/router/index.js:53	scm-vue-all/scm-vue-order-supplier/src/views/Invoicelist/invoiceCon/applyInvoice.vue
/sellerCenter/Invoice/invoiceApply/:orderId/:bookBy/:billId/:billMoney/:companyId?/:companyName?	scm-vue-all/scm-vue-order-supplier	scm-vue-all/scm-vue-order-supplier/src/router/index.js:41	scm-vue-all/scm-vue-order-supplier/src/views/Invoicelist/invoiceCon/invoiceApply.vue
/sellerCenter/InvoicelistS	scm-vue-all/scm-vue-order-supplier	scm-vue-all/scm-vue-order-supplier/src/router/index.js:35	scm-vue-all/scm-vue-order-supplier/src/views/Invoicelist/index.vue
/sellerCenter/ReconciliationLists	scm-vue-all/scm-vue-order-supplier	scm-vue-all/scm-vue-order-supplier/src/router/index.js:14	scm-vue-all/scm-vue-order-supplier/src/views/ReconciliationLists/list.vue
/sellerCenter/ReconciliationLists/ReconciliationListsDetail	scm-vue-all/scm-vue-order-supplier	scm-vue-all/scm-vue-order-supplier/src/router/index.js:19	scm-vue-all/scm-vue-order-supplier/src/views/ReconciliationLists/ReconciliationDetails.vue
/sellerCenter/ReconciliationLists/afterSaleDetail	scm-vue-all/scm-vue-order-supplier	scm-vue-all/scm-vue-order-supplier/src/router/index.js:29	scm-vue-all/scm-vue-order-supplier/src/views/ReconciliationLists/afterSaleDetail.vue
/sellerCenter/ReconciliationLists/postSaleMoneyDetails	scm-vue-all/scm-vue-order-supplier	scm-vue-all/scm-vue-order-supplier/src/router/index.js:24	scm-vue-all/scm-vue-order-supplier/src/views/ReconciliationLists/PostSaleMoneyDetails.vue
/sellerCenter/afterSaleMgt	scm-vue-all/scm-vue-order-supplier	scm-vue-all/scm-vue-order-supplier/src/router/index.js:88	scm-vue-all/scm-vue-order-supplier/src/views/afterSaleMgt/index.vue
/sellerCenter/afterSaleMgt/afterSaleConfirm	scm-vue-all/scm-vue-order-supplier	scm-vue-all/scm-vue-order-supplier/src/router/index.js:93	scm-vue-all/scm-vue-order-supplier/src/views/afterSaleMgt/afterSaleConfirm.vue
/sellerCenter/afterSaleMgt/afterSaleDetail	scm-vue-all/scm-vue-order-supplier	scm-vue-all/scm-vue-order-supplier/src/router/index.js:98	scm-vue-all/scm-vue-order-supplier/src/views/afterSaleMgt/afterSaleDetail.vue
/sellerCenter/afterSaleMgt/receivingAndSend	scm-vue-all/scm-vue-order-supplier	scm-vue-all/scm-vue-order-supplier/src/router/index.js:103	scm-vue-all/scm-vue-order-supplier/src/views/afterSaleMgt/receivingAndSend.vue
/sellerCenter/invoiceInfo/:invoicedId/:orderId	scm-vue-all/scm-vue-order-supplier	scm-vue-all/scm-vue-order-supplier/src/router/index.js:47	scm-vue-all/scm-vue-order-supplier/src/views/Invoicelist/invoiceCon/invoiceInfo.vue
/sellerCenter/myOrder	scm-vue-all/scm-vue-order-supplier	scm-vue-all/scm-vue-order-supplier/src/router/index.js:66	
/sellerCenter/myOrder/Detail	scm-vue-all/scm-vue-order-supplier	scm-vue-all/scm-vue-order-supplier/src/router/index.js:81	scm-vue-all/scm-vue-order-supplier/src/views/order/Detail/index.vue
/sellerCenter/myOrder/orderConfirmation	scm-vue-all/scm-vue-order-supplier	scm-vue-all/scm-vue-order-supplier/src/router/index.js:71	
/sellerCenter/myOrder/shipments	scm-vue-all/scm-vue-order-supplier	scm-vue-all/scm-vue-order-supplier/src/router/index.js:76	scm-vue-all/scm-vue-order-supplier/src/views/order/shipments/index.vue
/sellerCenter/reconciliationLists	scm-vue-all/scm-vue-order-supplier	scm-vue-all/scm-vue-order-supplier/src/router/index.js:111	scm-vue-all/scm-vue-order-supplier/src/views/supplierReconciliation/list.vue
/sellerCenter/reconciliationLists/detail	scm-vue-all/scm-vue-order-supplier	scm-vue-all/scm-vue-order-supplier/src/router/index.js:116	scm-vue-all/scm-vue-order-supplier/src/views/supplierReconciliation/detail.vue
/sellerCenter/viewInvoice	scm-vue-all/scm-vue-order-supplier	scm-vue-all/scm-vue-order-supplier/src/router/index.js:123	scm-vue-all/scm-vue-order-supplier/src/views/supplierReconciliation/viewInvoice.vue
/sellerCenter/viewInvoice/invoiceDetail	scm-vue-all/scm-vue-order-supplier	scm-vue-all/scm-vue-order-supplier/src/router/index.js:129	scm-vue-all/scm-vue-order-supplier/src/views/supplierReconciliation/invoiceDetail.vue
/	scm-vue-all/scm-vue-pc-pay	scm-vue-all/scm-vue-pc-pay/src/router/index.js:9	scm-vue-all/scm-vue-pc-pay/src/views/Home.vue
/payApplyMgt/contractFullPayment/:contractNo?	scm-vue-all/scm-vue-pc-pay	scm-vue-all/scm-vue-pc-pay/src/router/index.js:22	scm-vue-all/scm-vue-pc-pay/src/views/initiatePayApply/contractFullPayment.vue
/payApplyMgt/initiatePayApply	scm-vue-all/scm-vue-pc-pay	scm-vue-all/scm-vue-pc-pay/src/router/index.js:16	scm-vue-all/scm-vue-pc-pay/src/views/initiatePayApply/list.vue
/payApplyMgt/milestonePayment/:contractNo?	scm-vue-all/scm-vue-pc-pay	scm-vue-all/scm-vue-pc-pay/src/router/index.js:34	scm-vue-all/scm-vue-pc-pay/src/views/initiatePayApply/milestonePayment.vue
/payApplyMgt/orderFullPayment/:orderId?	scm-vue-all/scm-vue-pc-pay	scm-vue-all/scm-vue-pc-pay/src/router/index.js:28	scm-vue-all/scm-vue-pc-pay/src/views/initiatePayApply/orderFullPayment.vue
/payApplyMgt/payApplyApproval	scm-vue-all/scm-vue-pc-pay	scm-vue-all/scm-vue-pc-pay/src/router/index.js:47	scm-vue-all/scm-vue-pc-pay/src/views/payApplyApproval/list.vue
/payApplyMgt/payApplyApproval/approval/:applyId?	scm-vue-all/scm-vue-pc-pay	scm-vue-all/scm-vue-pc-pay/src/router/index.js:53	scm-vue-all/scm-vue-pc-pay/src/views/payApplyApproval/approvalDetail.vue
/payApplyMgt/payApplyApproval/detail/:applyId?	scm-vue-all/scm-vue-pc-pay	scm-vue-all/scm-vue-pc-pay/src/router/index.js:59	scm-vue-all/scm-vue-pc-pay/src/views/payApplyApproval/list.vue
/payApplyMgt/payMgt	scm-vue-all/scm-vue-pc-pay	scm-vue-all/scm-vue-pc-pay/src/router/index.js:65	scm-vue-all/scm-vue-pc-pay/src/views/payMgt/list.vue
/payApplyMgt/paySuccessful	scm-vue-all/scm-vue-pc-pay	scm-vue-all/scm-vue-pc-pay/src/router/index.js:40	scm-vue-all/scm-vue-pc-pay/src/views/components/paySuccessful.vue
/	scm-vue-all/scm-vue-planMgt	scm-vue-all/scm-vue-planMgt/src/router/index.js:8	scm-vue-all/scm-vue-planMgt/src/views/Home.vue
/needApprove/needApproveDetail	scm-vue-all/scm-vue-planMgt	scm-vue-all/scm-vue-planMgt/src/router/index.js:41	scm-vue-all/scm-vue-planMgt/src/views/needApprove/needApproveDetail.vue
/needPlan/bpmPlanSave	scm-vue-all/scm-vue-planMgt	scm-vue-all/scm-vue-planMgt/src/router/index.js:30	scm-vue-all/scm-vue-planMgt/src/views/needPlan/bpmSubmit.vue
/needPlan/detail	scm-vue-all/scm-vue-planMgt	scm-vue-all/scm-vue-planMgt/src/router/index.js:19	scm-vue-all/scm-vue-planMgt/src/views/needPlan/detail.vue
/needPlan/needApproveIndex	scm-vue-all/scm-vue-planMgt	scm-vue-all/scm-vue-planMgt/src/router/index.js:36	scm-vue-all/scm-vue-planMgt/src/views/needApprove/index.vue
/needPlan/needDistributeIndex	scm-vue-all/scm-vue-planMgt	scm-vue-all/scm-vue-planMgt/src/router/index.js:53	scm-vue-all/scm-vue-planMgt/src/views/needPlanDistribute/index.vue
/needPlan/needFollowIndex	scm-vue-all/scm-vue-planMgt	scm-vue-all/scm-vue-planMgt/src/router/index.js:47	scm-vue-all/scm-vue-planMgt/src/views/needPlanFollow/index.vue
/needPlan/planIndex	scm-vue-all/scm-vue-planMgt	scm-vue-all/scm-vue-planMgt/src/router/index.js:14	scm-vue-all/scm-vue-planMgt/src/views/needPlan/index.vue
/needPlan/planSave	scm-vue-all/scm-vue-planMgt	scm-vue-all/scm-vue-planMgt/src/router/index.js:24	scm-vue-all/scm-vue-planMgt/src/views/needPlan/saveOrSubmit.vue
/needPlan/search	scm-vue-all/scm-vue-planMgt	scm-vue-all/scm-vue-planMgt/src/router/index.js:59	scm-vue-all/scm-vue-planMgt/src/views/needPlanSearch/index.vue
/planMgt/planTracking	scm-vue-all/scm-vue-planMgt	scm-vue-all/scm-vue-planMgt/src/router/index.js:65	scm-vue-all/scm-vue-planMgt/src/views/planMgt/index.vue
/purchaseApprove/planApproveDetail	scm-vue-all/scm-vue-planMgt	scm-vue-all/scm-vue-planMgt/src/router/index.js:92	scm-vue-all/scm-vue-planMgt/src/views/purchaseApprove/purchaseApproveDetail.vue
/purchaseApprove/scmApproveDetail	scm-vue-all/scm-vue-planMgt	scm-vue-all/scm-vue-planMgt/src/router/index.js:97	scm-vue-all/scm-vue-planMgt/src/views/purchaseApprove/scmApproveDetail.vue
/purchasePlan/PlanDetailIndex	scm-vue-all/scm-vue-planMgt	scm-vue-all/scm-vue-planMgt/src/router/index.js:126	scm-vue-all/scm-vue-planMgt/src/views/purchasePlanDetail/index.vue
/purchasePlan/adjust	scm-vue-all/scm-vue-planMgt	scm-vue-all/scm-vue-planMgt/src/router/index.js:138	scm-vue-all/scm-vue-planMgt/src/views/purchasePlanAdjust/list.vue
/purchasePlan/authorizeeIndex	scm-vue-all/scm-vue-planMgt	scm-vue-all/scm-vue-planMgt/src/router/index.js:103	scm-vue-all/scm-vue-planMgt/src/views/purchasePlanAuthorize/authorizeeIndex.vue
/purchasePlan/detail	scm-vue-all/scm-vue-planMgt	scm-vue-all/scm-vue-planMgt/src/router/index.js:81	scm-vue-all/scm-vue-planMgt/src/views/purchasePlan/detail.vue
/purchasePlan/distributeIndex	scm-vue-all/scm-vue-planMgt	scm-vue-all/scm-vue-planMgt/src/router/index.js:114	scm-vue-all/scm-vue-planMgt/src/views/purchasePlanDistribute/index.vue
/purchasePlan/distributeIndexCollective	scm-vue-all/scm-vue-planMgt	scm-vue-all/scm-vue-planMgt/src/router/index.js:120	scm-vue-all/scm-vue-planMgt/src/views/purchasePlanDistribute/collectiveIndex.vue
/purchasePlan/purchaseApproveIndex	scm-vue-all/scm-vue-planMgt	scm-vue-all/scm-vue-planMgt/src/router/index.js:87	scm-vue-all/scm-vue-planMgt/src/views/purchaseApprove/index.vue
/purchasePlan/purchaseIndex	scm-vue-all/scm-vue-planMgt	scm-vue-all/scm-vue-planMgt/src/router/index.js:71	scm-vue-all/scm-vue-planMgt/src/views/purchasePlan/index.vue
/purchasePlan/purchaseSave	scm-vue-all/scm-vue-planMgt	scm-vue-all/scm-vue-planMgt/src/router/index.js:76	scm-vue-all/scm-vue-planMgt/src/views/purchasePlan/saveOrSubmit.vue
/purchasePlan/search	scm-vue-all/scm-vue-planMgt	scm-vue-all/scm-vue-planMgt/src/router/index.js:132	scm-vue-all/scm-vue-planMgt/src/views/purchasePlanSearch/index.vue
/purchasePlanAuthorize/authorizeeSave	scm-vue-all/scm-vue-planMgt	scm-vue-all/scm-vue-planMgt/src/router/index.js:108	scm-vue-all/scm-vue-planMgt/src/views/purchasePlanAuthorize/authorizeeSave.vue
/	scm-vue-all/scm-vue-platform	scm-vue-all/scm-vue-platform/src/router/index.js:8	scm-vue-all/scm-vue-platform/src/views/Home.vue
/actionLog/list	scm-vue-all/scm-vue-platform	scm-vue-all/scm-vue-platform/src/router/index.js:141	scm-vue-all/scm-vue-platform/src/views/actionLog/index.vue
/cms/add	scm-vue-all/scm-vue-platform	scm-vue-all/scm-vue-platform/src/router/index.js:20	scm-vue-all/scm-vue-platform/src/views/cms/add.vue
/cms/detail	scm-vue-all/scm-vue-platform	scm-vue-all/scm-vue-platform/src/router/index.js:25	scm-vue-all/scm-vue-platform/src/views/cms/detail.vue
/cms/list	scm-vue-all/scm-vue-platform	scm-vue-all/scm-vue-platform/src/router/index.js:15	scm-vue-all/scm-vue-platform/src/views/cms/index.vue
/epec/list	scm-vue-all/scm-vue-platform	scm-vue-all/scm-vue-platform/src/router/index.js:108	scm-vue-all/scm-vue-platform/src/views/epec/index.vue
/imgs/add	scm-vue-all/scm-vue-platform	scm-vue-all/scm-vue-platform/src/router/index.js:37	scm-vue-all/scm-vue-platform/src/views/imgsMgt/add.vue
/imgs/detail	scm-vue-all/scm-vue-platform	scm-vue-all/scm-vue-platform/src/router/index.js:42	scm-vue-all/scm-vue-platform/src/views/imgsMgt/detail.vue
/imgs/list	scm-vue-all/scm-vue-platform	scm-vue-all/scm-vue-platform/src/router/index.js:32	scm-vue-all/scm-vue-platform/src/views/imgsMgt/index.vue
/log/detail	scm-vue-all/scm-vue-platform	scm-vue-all/scm-vue-platform/src/router/index.js:54	scm-vue-all/scm-vue-platform/src/views/log/detail.vue
/log/list	scm-vue-all/scm-vue-platform	scm-vue-all/scm-vue-platform/src/router/index.js:49	scm-vue-all/scm-vue-platform/src/views/log/index.vue
/mqLog/detail	scm-vue-all/scm-vue-platform	scm-vue-all/scm-vue-platform/src/router/index.js:154	scm-vue-all/scm-vue-platform/src/views/mqLog/detail.vue
/mqLog/list	scm-vue-all/scm-vue-platform	scm-vue-all/scm-vue-platform/src/router/index.js:148	scm-vue-all/scm-vue-platform/src/views/mqLog/index.vue
/notice/add	scm-vue-all/scm-vue-platform	scm-vue-all/scm-vue-platform/src/router/index.js:67	scm-vue-all/scm-vue-platform/src/views/notice/add.vue
/notice/agreementMgt	scm-vue-all/scm-vue-platform	scm-vue-all/scm-vue-platform/src/router/index.js:61	scm-vue-all/scm-vue-platform/src/views/notice/list.vue
/notice/agreementSignList	scm-vue-all/scm-vue-platform	scm-vue-all/scm-vue-platform/src/router/index.js:79	scm-vue-all/scm-vue-platform/src/views/agreementSignList/list.vue
/notice/detail	scm-vue-all/scm-vue-platform	scm-vue-all/scm-vue-platform/src/router/index.js:73	scm-vue-all/scm-vue-platform/src/views/notice/detail.vue
/notice/viewAgreementSign	scm-vue-all/scm-vue-platform	scm-vue-all/scm-vue-platform/src/router/index.js:85	scm-vue-all/scm-vue-platform/src/views/agreementSignList/detail.vue
/statics/add	scm-vue-all/scm-vue-platform	scm-vue-all/scm-vue-platform/src/router/index.js:96	scm-vue-all/scm-vue-platform/src/views/statics/add.vue
/statics/detail	scm-vue-all/scm-vue-platform	scm-vue-all/scm-vue-platform/src/router/index.js:101	scm-vue-all/scm-vue-platform/src/views/statics/detail.vue
/statics/list	scm-vue-all/scm-vue-platform	scm-vue-all/scm-vue-platform/src/router/index.js:91	scm-vue-all/scm-vue-platform/src/views/statics/index.vue
/verifyCode/list	scm-vue-all/scm-vue-platform	scm-vue-all/scm-vue-platform/src/router/index.js:133	scm-vue-all/scm-vue-platform/src/views/verifyCode/index.vue
/xlsMsg/add	scm-vue-all/scm-vue-platform	scm-vue-all/scm-vue-platform/src/router/index.js:121	scm-vue-all/scm-vue-platform/src/views/xlsMgt/add.vue
/xlsMsg/detail	scm-vue-all/scm-vue-platform	scm-vue-all/scm-vue-platform/src/router/index.js:126	scm-vue-all/scm-vue-platform/src/views/xlsMgt/detail.vue
/xlsMsg/list	scm-vue-all/scm-vue-platform	scm-vue-all/scm-vue-platform/src/router/index.js:116	scm-vue-all/scm-vue-platform/src/views/xlsMgt/index.vue
/	scm-vue-all/scm-vue-portal	scm-vue-all/scm-vue-portal/src/router/index.js:9	scm-vue-all/scm-vue-portal/src/views/Home.vue
/details	scm-vue-all/scm-vue-portal	scm-vue-all/scm-vue-portal/src/router/index.js:19	scm-vue-all/scm-vue-portal/src/views/pdf.vue
/notice	scm-vue-all/scm-vue-portal	scm-vue-all/scm-vue-portal/src/router/index.js:14	scm-vue-all/scm-vue-portal/src/views/notice.vue
/	scm-vue-all/scm-vue-procurementScheme	scm-vue-all/scm-vue-procurementScheme/src/router/index.js:8	scm-vue-all/scm-vue-procurementScheme/src/views/Home.vue
/approveMgt/applyCloseApproval	scm-vue-all/scm-vue-procurementScheme	scm-vue-all/scm-vue-procurementScheme/src/router/index.js:242	scm-vue-all/scm-vue-procurementScheme/src/views/approveMgt/applyCloseApproval/index.vue
/approveMgt/clarifyNotice/detail	scm-vue-all/scm-vue-procurementScheme	scm-vue-all/scm-vue-procurementScheme/src/router/index.js:259	scm-vue-all/scm-vue-procurementScheme/src/views/approveMgt/clarifyNotice/destail.vue
/approveMgt/compulsoryDisclosureApproval	scm-vue-all/scm-vue-procurementScheme	scm-vue-all/scm-vue-procurementScheme/src/router/index.js:248	scm-vue-all/scm-vue-procurementScheme/src/views/approveMgt/compulsoryDisclosureApproval/index.vue
/approveMgt/compulsoryDisclosureApproval/detail	scm-vue-all/scm-vue-procurementScheme	scm-vue-all/scm-vue-procurementScheme/src/router/index.js:253	scm-vue-all/scm-vue-procurementScheme/src/views/approveMgt/compulsoryDisclosureApproval/destail.vue
/approveMgt/dealPlanApprovalMgt	scm-vue-all/scm-vue-procurementScheme	scm-vue-all/scm-vue-procurementScheme/src/router/index.js:202	scm-vue-all/scm-vue-procurementScheme/src/views/approveMgt/dealPlanApprovalMgt/list.vue
/approveMgt/dealPlanApprovalMgt/planApproval/:dealResultId?	scm-vue-all/scm-vue-procurementScheme	scm-vue-all/scm-vue-procurementScheme/src/router/index.js:208	scm-vue-all/scm-vue-procurementScheme/src/views/approveMgt/dealPlanApprovalMgt/planApproval.vue
/approveMgt/dealPlanApprovalMgt/planApprovalDetail/:dealResultId?	scm-vue-all/scm-vue-procurementScheme	scm-vue-all/scm-vue-procurementScheme/src/router/index.js:214	scm-vue-all/scm-vue-procurementScheme/src/views/approveMgt/dealPlanApprovalMgt/planApprovalDetail.vue
/approveMgt/enrollManage	scm-vue-all/scm-vue-procurementScheme	scm-vue-all/scm-vue-procurementScheme/src/router/index.js:190	scm-vue-all/scm-vue-procurementScheme/src/views/approveMgt/enrollManage/enrollManage.vue
/approveMgt/extensionApproval	scm-vue-all/scm-vue-procurementScheme	scm-vue-all/scm-vue-procurementScheme/src/router/index.js:231	scm-vue-all/scm-vue-procurementScheme/src/views/approveMgt/extensionApproval/index.vue
/approveMgt/extensionApproval/destail	scm-vue-all/scm-vue-procurementScheme	scm-vue-all/scm-vue-procurementScheme/src/router/index.js:236	scm-vue-all/scm-vue-procurementScheme/src/views/approveMgt/extensionApproval/destail.vue
/approveMgt/purchaseSchemeApproval	scm-vue-all/scm-vue-procurementScheme	scm-vue-all/scm-vue-procurementScheme/src/router/index.js:220	scm-vue-all/scm-vue-procurementScheme/src/views/approveMgt/purchaseSchemeApproval/index.vue
/approveMgt/purchaseSchemeApproval/destail	scm-vue-all/scm-vue-procurementScheme	scm-vue-all/scm-vue-procurementScheme/src/router/index.js:225	scm-vue-all/scm-vue-procurementScheme/src/views/approveMgt/purchaseSchemeApproval/destail.vue
/approveMgt/responseManage	scm-vue-all/scm-vue-procurementScheme	scm-vue-all/scm-vue-procurementScheme/src/router/index.js:196	scm-vue-all/scm-vue-procurementScheme/src/views/approveMgt/responseManage/responseManage.vue
/bargainPlanMgt/bargainPlanMgtList	scm-vue-all/scm-vue-procurementScheme	scm-vue-all/scm-vue-procurementScheme/src/router/index.js:128	scm-vue-all/scm-vue-procurementScheme/src/views/bargainPlanMgt/bargainPlanMgtList/index.vue
/bargainPlanMgt/editBargainPlanMgt/:schemeId?	scm-vue-all/scm-vue-procurementScheme	scm-vue-all/scm-vue-procurementScheme/src/router/index.js:134	scm-vue-all/scm-vue-procurementScheme/src/views/bargainPlanMgt/bargainPlanMgtList/editBargainPlanMgt.vue
/bargainPlanMgt/viewBargainPlanMgt/:schemeId?	scm-vue-all/scm-vue-procurementScheme	scm-vue-all/scm-vue-procurementScheme/src/router/index.js:140	scm-vue-all/scm-vue-procurementScheme/src/views/bargainPlanMgt/bargainPlanMgtList/viewBargainPlanMgt.vue
/evaluateTask/examine	scm-vue-all/scm-vue-procurementScheme	scm-vue-all/scm-vue-procurementScheme/src/router/index.js:19	scm-vue-all/scm-vue-procurementScheme/src/views/evaluateTask/taskPage/examine.vue
/evaluateTask/examineBusiness	scm-vue-all/scm-vue-procurementScheme	scm-vue-all/scm-vue-procurementScheme/src/router/index.js:24	scm-vue-all/scm-vue-procurementScheme/src/views/evaluateTask/taskPage/examineBusiness.vue
/expertManage/expertIndex	scm-vue-all/scm-vue-procurementScheme	scm-vue-all/scm-vue-procurementScheme/src/router/index.js:30	scm-vue-all/scm-vue-procurementScheme/src/views/expertManage/expertIndex.vue
/expertResult/expertResultIndex	scm-vue-all/scm-vue-procurementScheme	scm-vue-all/scm-vue-procurementScheme/src/router/index.js:36	scm-vue-all/scm-vue-procurementScheme/src/views/expertResult/expertResultIndex.vue
/expertResult/settingLeader	scm-vue-all/scm-vue-procurementScheme	scm-vue-all/scm-vue-procurementScheme/src/router/index.js:41	scm-vue-all/scm-vue-procurementScheme/src/views/expertResult/settingLeader.vue
/expertReviewMgt/ReviewMgt	scm-vue-all/scm-vue-procurementScheme	scm-vue-all/scm-vue-procurementScheme/src/router/index.js:148	scm-vue-all/scm-vue-procurementScheme/src/views/ReviewMgt/index.vue
/expertReviewMgt/ReviewMgt/prepareReviewResults	scm-vue-all/scm-vue-procurementScheme	scm-vue-all/scm-vue-procurementScheme/src/router/index.js:184	scm-vue-all/scm-vue-procurementScheme/src/views/ReviewMgt/prepareReviewResults.vue
/expertReviewMgt/ReviewMgt/sumScoreDetail	scm-vue-all/scm-vue-procurementScheme	scm-vue-all/scm-vue-procurementScheme/src/router/index.js:172	scm-vue-all/scm-vue-procurementScheme/src/views/ReviewMgt/sumScoreDetail.vue
/expertReviewMgt/ReviewMgt/summaryScore	scm-vue-all/scm-vue-procurementScheme	scm-vue-all/scm-vue-procurementScheme/src/router/index.js:166	scm-vue-all/scm-vue-procurementScheme/src/views/ReviewMgt/summaryScore.vue
/expertReviewMgt/ReviewMgt/summaryScoreDetail	scm-vue-all/scm-vue-procurementScheme	scm-vue-all/scm-vue-procurementScheme/src/router/index.js:178	scm-vue-all/scm-vue-procurementScheme/src/views/ReviewMgt/summaryScoreDetail.vue
/expertReviewMgt/ReviewMgt/summaryScoreList	scm-vue-all/scm-vue-procurementScheme	scm-vue-all/scm-vue-procurementScheme/src/router/index.js:160	scm-vue-all/scm-vue-procurementScheme/src/views/ReviewMgt/summaryScoreList.vue
/expertReviewMgt/ReviewMgtDetail	scm-vue-all/scm-vue-procurementScheme	scm-vue-all/scm-vue-procurementScheme/src/router/index.js:154	scm-vue-all/scm-vue-procurementScheme/src/views/ReviewMgt/ReviewMgtDetail.vue
/expertReviewMgt/evaluateTask/taskIndex	scm-vue-all/scm-vue-procurementScheme	scm-vue-all/scm-vue-procurementScheme/src/router/index.js:14	scm-vue-all/scm-vue-procurementScheme/src/views/evaluateTask/taskIndex.vue
/procurementSchemeMgt/procurementMaintenanceScheme	scm-vue-all/scm-vue-procurementScheme	scm-vue-all/scm-vue-procurementScheme/src/router/index.js:58	scm-vue-all/scm-vue-procurementScheme/src/views/procurementSchemeMgt/procurementMaintenanceScheme/index.vue
/procurementSchemeMgt/procurementMaintenanceScheme/detail	scm-vue-all/scm-vue-procurementScheme	scm-vue-all/scm-vue-procurementScheme/src/router/index.js:68	scm-vue-all/scm-vue-procurementScheme/src/views/procurementSchemeMgt/procurementMaintenanceScheme/details.vue
/procurementSchemeMgt/procurementMaintenanceScheme/maindetails	scm-vue-all/scm-vue-procurementScheme	scm-vue-all/scm-vue-procurementScheme/src/router/index.js:63	scm-vue-all/scm-vue-procurementScheme/src/views/procurementSchemeMgt/procurementMaintenanceScheme/maindetails.vue
/procurementSchemeMgt/procurementPlanPreparation	scm-vue-all/scm-vue-procurementScheme	scm-vue-all/scm-vue-procurementScheme/src/router/index.js:47	scm-vue-all/scm-vue-procurementScheme/src/views/procurementSchemeMgt/procurementPlanPreparation/index.vue
/procurementSchemeMgt/procurementPlanPreparation/preparationDetails	scm-vue-all/scm-vue-procurementScheme	scm-vue-all/scm-vue-procurementScheme/src/router/index.js:52	scm-vue-all/scm-vue-procurementScheme/src/views/procurementSchemeMgt/procurementPlanPreparation/preparationDetails.vue
/procurementSourcingMgt/dealPlan/dealPlanDetail	scm-vue-all/scm-vue-procurementScheme	scm-vue-all/scm-vue-procurementScheme/src/router/index.js:121	scm-vue-all/scm-vue-procurementScheme/src/views/procurementSourcingMgt/procurementSourcingProcessMgt/components/dealPlanDetail.vue
/procurementSourcingMgt/procurementSourcingProcessMgt	scm-vue-all/scm-vue-procurementScheme	scm-vue-all/scm-vue-procurementScheme/src/router/index.js:75	scm-vue-all/scm-vue-procurementScheme/src/views/procurementSourcingMgt/procurementSourcingProcessMgt/index.vue
/procurementSourcingMgt/procurementSourcingProcessMgt/answerClarify	scm-vue-all/scm-vue-procurementScheme	scm-vue-all/scm-vue-procurementScheme/src/router/index.js:85	scm-vue-all/scm-vue-procurementScheme/src/views/procurementSourcingMgt/procurementSourcingProcessMgt/answerClarify.vue
/procurementSourcingMgt/procurementSourcingProcessMgt/bidDetail	scm-vue-all/scm-vue-procurementScheme	scm-vue-all/scm-vue-procurementScheme/src/router/index.js:110	scm-vue-all/scm-vue-procurementScheme/src/views/procurementSourcingMgt/procurementSourcingProcessMgt/bidDetail.vue
/procurementSourcingMgt/procurementSourcingProcessMgt/consultations	scm-vue-all/scm-vue-procurementScheme	scm-vue-all/scm-vue-procurementScheme/src/router/index.js:90	scm-vue-all/scm-vue-procurementScheme/src/views/procurementSourcingMgt/procurementSourcingProcessMgt/consultations.vue
/procurementSourcingMgt/procurementSourcingProcessMgt/detail	scm-vue-all/scm-vue-procurementScheme	scm-vue-all/scm-vue-procurementScheme/src/router/index.js:95	scm-vue-all/scm-vue-procurementScheme/src/views/procurementSourcingMgt/procurementSourcingProcessMgt/detail.vue
/procurementSourcingMgt/procurementSourcingProcessMgt/noticeView	scm-vue-all/scm-vue-procurementScheme	scm-vue-all/scm-vue-procurementScheme/src/router/index.js:115	scm-vue-all/scm-vue-procurementScheme/src/views/procurementSourcingMgt/procurementSourcingProcessMgt/noticeView.vue
/procurementSourcingMgt/procurementSourcingProcessMgt/prepareTransactionPlan	scm-vue-all/scm-vue-procurementScheme	scm-vue-all/scm-vue-procurementScheme/src/router/index.js:100	scm-vue-all/scm-vue-procurementScheme/src/views/procurementSourcingMgt/procurementSourcingProcessMgt/prepareTransactionPlan.vue
/procurementSourcingMgt/procurementSourcingProcessMgt/releaseNotice	scm-vue-all/scm-vue-procurementScheme	scm-vue-all/scm-vue-procurementScheme/src/router/index.js:80	scm-vue-all/scm-vue-procurementScheme/src/views/procurementSourcingMgt/procurementSourcingProcessMgt/releaseNotice.vue
/procurementSourcingMgt/procurementSourcingProcessMgt/scoreDetail	scm-vue-all/scm-vue-procurementScheme	scm-vue-all/scm-vue-procurementScheme/src/router/index.js:105	scm-vue-all/scm-vue-procurementScheme/src/views/procurementSourcingMgt/procurementSourcingProcessMgt/scoreDetail.vue
/	scm-vue-all/scm-vue-purchaseMgt-supplier	scm-vue-all/scm-vue-purchaseMgt-supplier/src/router/index.js:8	scm-vue-all/scm-vue-purchaseMgt-supplier/src/views/Home.vue
/bargainPlanMgt/bargainPlanMgtList	scm-vue-all/scm-vue-purchaseMgt-supplier	scm-vue-all/scm-vue-purchaseMgt-supplier/src/router/index.js:64	scm-vue-all/scm-vue-purchaseMgt-supplier/src/views/bargainPlanMgt/index.vue
/bargainPlanMgt/detail	scm-vue-all/scm-vue-purchaseMgt-supplier	scm-vue-all/scm-vue-purchaseMgt-supplier/src/router/index.js:69	scm-vue-all/scm-vue-purchaseMgt-supplier/src/views/bargainPlanMgt/detail.vue
/bargainPlanMgt/noticeView	scm-vue-all/scm-vue-purchaseMgt-supplier	scm-vue-all/scm-vue-purchaseMgt-supplier/src/router/index.js:74	scm-vue-all/scm-vue-purchaseMgt-supplier/src/views/bargainPlanMgt/noticeView.vue
/enrollManage/detailEnrollIndex	scm-vue-all/scm-vue-purchaseMgt-supplier	scm-vue-all/scm-vue-purchaseMgt-supplier/src/router/index.js:46	scm-vue-all/scm-vue-purchaseMgt-supplier/src/views/enrollManage/detailEnrollIndex.vue
/enrollManage/enrollIndex	scm-vue-all/scm-vue-purchaseMgt-supplier	scm-vue-all/scm-vue-purchaseMgt-supplier/src/router/index.js:40	scm-vue-all/scm-vue-purchaseMgt-supplier/src/views/enrollManage/enrollIndex.vue
/procurementSourcingProcessMgt	scm-vue-all/scm-vue-purchaseMgt-supplier	scm-vue-all/scm-vue-purchaseMgt-supplier/src/router/index.js:14	scm-vue-all/scm-vue-purchaseMgt-supplier/src/views/procurementSourcingProcessMgt/index.vue
/procurementSourcingProcessMgt/answerClarify	scm-vue-all/scm-vue-purchaseMgt-supplier	scm-vue-all/scm-vue-purchaseMgt-supplier/src/router/index.js:29	scm-vue-all/scm-vue-purchaseMgt-supplier/src/views/procurementSourcingProcessMgt/answerClarify.vue
/procurementSourcingProcessMgt/detail	scm-vue-all/scm-vue-purchaseMgt-supplier	scm-vue-all/scm-vue-purchaseMgt-supplier/src/router/index.js:24	scm-vue-all/scm-vue-purchaseMgt-supplier/src/views/procurementSourcingProcessMgt/detail.vue
/procurementSourcingProcessMgt/noticeView	scm-vue-all/scm-vue-purchaseMgt-supplier	scm-vue-all/scm-vue-purchaseMgt-supplier/src/router/index.js:34	scm-vue-all/scm-vue-purchaseMgt-supplier/src/views/procurementSourcingProcessMgt/noticeView.vue
/procurementSourcingProcessMgt/quotedPrice	scm-vue-all/scm-vue-purchaseMgt-supplier	scm-vue-all/scm-vue-purchaseMgt-supplier/src/router/index.js:19	scm-vue-all/scm-vue-purchaseMgt-supplier/src/views/procurementSourcingProcessMgt/quotedPrice.vue
/responseManage/detailResponseIndex	scm-vue-all/scm-vue-purchaseMgt-supplier	scm-vue-all/scm-vue-purchaseMgt-supplier/src/router/index.js:58	scm-vue-all/scm-vue-purchaseMgt-supplier/src/views/responseManage/detailResponseIndex.vue
/responseManage/responseIndex	scm-vue-all/scm-vue-purchaseMgt-supplier	scm-vue-all/scm-vue-purchaseMgt-supplier/src/router/index.js:52	scm-vue-all/scm-vue-purchaseMgt-supplier/src/views/responseManage/responseIndex.vue
/	scm-vue-all/scm-vue-supplierRegister	scm-vue-all/scm-vue-supplierRegister/src/router/index.js:8	scm-vue-all/scm-vue-supplierRegister/src/views/registered/index.vue
/expertsRegistered	scm-vue-all/scm-vue-supplierRegister	scm-vue-all/scm-vue-supplierRegister/src/router/index.js:21	scm-vue-all/scm-vue-supplierRegister/src/views/expertsRegistered/index.vue
/registered	scm-vue-all/scm-vue-supplierRegister	scm-vue-all/scm-vue-supplierRegister/src/router/index.js:15	scm-vue-all/scm-vue-supplierRegister/src/views/registered/index.vue
/result	scm-vue-all/scm-vue-supplierRegister	scm-vue-all/scm-vue-supplierRegister/src/router/index.js:27	scm-vue-all/scm-vue-supplierRegister/src/views/result/index.vue
/	scm-vue-all/scm-vue-templateMgt	scm-vue-all/scm-vue-templateMgt/src/router/index.js:8	scm-vue-all/scm-vue-templateMgt/src/views/Home.vue
/templateMgt/addvariable	scm-vue-all/scm-vue-templateMgt	scm-vue-all/scm-vue-templateMgt/src/router/index.js:21	scm-vue-all/scm-vue-templateMgt/src/views/variableLibrary/addVariable.vue
/templateMgt/businessReviewTemplate	scm-vue-all/scm-vue-templateMgt	scm-vue-all/scm-vue-templateMgt/src/router/index.js:86	scm-vue-all/scm-vue-templateMgt/src/views/businessReviewTemplate/index.vue
/templateMgt/businessReviewTemplate/add	scm-vue-all/scm-vue-templateMgt	scm-vue-all/scm-vue-templateMgt/src/router/index.js:91	scm-vue-all/scm-vue-templateMgt/src/views/businessReviewTemplate/addOrEdit.vue
/templateMgt/businessReviewTemplate/detail	scm-vue-all/scm-vue-templateMgt	scm-vue-all/scm-vue-templateMgt/src/router/index.js:96	scm-vue-all/scm-vue-templateMgt/src/views/businessReviewTemplate/detail.vue
/templateMgt/distributionView	scm-vue-all/scm-vue-templateMgt	scm-vue-all/scm-vue-templateMgt/src/router/index.js:29	scm-vue-all/scm-vue-templateMgt/src/views/distributionView/index.vue
/templateMgt/distributionView/add	scm-vue-all/scm-vue-templateMgt	scm-vue-all/scm-vue-templateMgt/src/router/index.js:34	scm-vue-all/scm-vue-templateMgt/src/views/distributionView/addOrEdit.vue
/templateMgt/distributionView/view	scm-vue-all/scm-vue-templateMgt	scm-vue-all/scm-vue-templateMgt/src/router/index.js:39	scm-vue-all/scm-vue-templateMgt/src/views/distributionView/distriView.vue
/templateMgt/reviewTemplateEnableMgt	scm-vue-all/scm-vue-templateMgt	scm-vue-all/scm-vue-templateMgt/src/router/index.js:75	scm-vue-all/scm-vue-templateMgt/src/views/reviewTemplateEnableMgt/index.vue
/templateMgt/reviewTemplateEnableMgt/add	scm-vue-all/scm-vue-templateMgt	scm-vue-all/scm-vue-templateMgt/src/router/index.js:80	scm-vue-all/scm-vue-templateMgt/src/views/reviewTemplateEnableMgt/add.vue
/templateMgt/reviewTemplateMgt	scm-vue-all/scm-vue-templateMgt	scm-vue-all/scm-vue-templateMgt/src/router/index.js:64	scm-vue-all/scm-vue-templateMgt/src/views/reviewTemplateMgt/index.vue
/templateMgt/reviewTemplateMgt/add	scm-vue-all/scm-vue-templateMgt	scm-vue-all/scm-vue-templateMgt/src/router/index.js:69	scm-vue-all/scm-vue-templateMgt/src/views/reviewTemplateMgt/addOrEdit.vue
/templateMgt/supplierEvaluationTemplateEnableMgt	scm-vue-all/scm-vue-templateMgt	scm-vue-all/scm-vue-templateMgt/src/router/index.js:113	scm-vue-all/scm-vue-templateMgt/src/views/supplierEvaluationTemplateEnableMgt/index.vue
/templateMgt/supplierEvaluationTemplateEnableMgt/add	scm-vue-all/scm-vue-templateMgt	scm-vue-all/scm-vue-templateMgt/src/router/index.js:118	scm-vue-all/scm-vue-templateMgt/src/views/supplierEvaluationTemplateEnableMgt/add.vue
/templateMgt/supplierEvaluationTemplateMgt	scm-vue-all/scm-vue-templateMgt	scm-vue-all/scm-vue-templateMgt/src/router/index.js:102	scm-vue-all/scm-vue-templateMgt/src/views/supplierEvaluationTemplateMgt/index.vue
/templateMgt/supplierEvaluationTemplateMgt/add	scm-vue-all/scm-vue-templateMgt	scm-vue-all/scm-vue-templateMgt/src/router/index.js:107	scm-vue-all/scm-vue-templateMgt/src/views/supplierEvaluationTemplateMgt/addOrEdit.vue
/templateMgt/textualAdd	scm-vue-all/scm-vue-templateMgt	scm-vue-all/scm-vue-templateMgt/src/router/index.js:51	
/templateMgt/textualDetail	scm-vue-all/scm-vue-templateMgt	scm-vue-all/scm-vue-templateMgt/src/router/index.js:56	
/templateMgt/textualMaterials	scm-vue-all/scm-vue-templateMgt	scm-vue-all/scm-vue-templateMgt/src/router/index.js:46	
/templateMgt/variablelibrary	scm-vue-all/scm-vue-templateMgt	scm-vue-all/scm-vue-templateMgt/src/router/index.js:15	scm-vue-all/scm-vue-templateMgt/src/views/variableLibrary/index.vue
/	scm-vue-all/scm-vue-ubm	scm-vue-all/scm-vue-ubm/src/router/index.js:8	scm-vue-all/scm-vue-ubm/src/views/Home.vue
/basicMgmt/dictionary	scm-vue-all/scm-vue-ubm	scm-vue-all/scm-vue-ubm/src/router/index.js:104	
/basicMgmt/menuMgt	scm-vue-all/scm-vue-ubm	scm-vue-all/scm-vue-ubm/src/router/index.js:16	
/basicMgmt/merchantsAdd	scm-vue-all/scm-vue-ubm	scm-vue-all/scm-vue-ubm/src/router/index.js:157	
/basicMgmt/merchantsMgt	scm-vue-all/scm-vue-ubm	scm-vue-all/scm-vue-ubm/src/router/index.js:152	
/basicMgmt/orgMgt	scm-vue-all/scm-vue-ubm	scm-vue-all/scm-vue-ubm/src/router/index.js:56	scm-vue-all/scm-vue-ubm/src/views/OrgMgt/index.vue
/basicMgmt/orgPersonnel	scm-vue-all/scm-vue-ubm	scm-vue-all/scm-vue-ubm/src/router/index.js:75	scm-vue-all/scm-vue-ubm/src/views/orgPersonnel/index.vue
/basicMgmt/orgStructureMgt	scm-vue-all/scm-vue-ubm	scm-vue-all/scm-vue-ubm/src/router/index.js:146	
/basicMgmt/orgUnitDetail	scm-vue-all/scm-vue-ubm	scm-vue-all/scm-vue-ubm/src/router/index.js:80	scm-vue-all/scm-vue-ubm/src/views/orgPersonnel/orgUnitDetail.vue
/basicMgmt/orgUnitMgt	scm-vue-all/scm-vue-ubm	scm-vue-all/scm-vue-ubm/src/router/index.js:63	scm-vue-all/scm-vue-ubm/src/views/orgUnitMgt/index.vue
/basicMgmt/orgUnitMgt/addOrEdit	scm-vue-all/scm-vue-ubm	scm-vue-all/scm-vue-ubm/src/router/index.js:68	scm-vue-all/scm-vue-ubm/src/views/orgUnitMgt/addOrEdit.vue
/basicMgmt/postMgt	scm-vue-all/scm-vue-ubm	scm-vue-all/scm-vue-ubm/src/router/index.js:87	scm-vue-all/scm-vue-ubm/src/views/PostMgt/index.vue
/basicMgmt/postMgt/add	scm-vue-all/scm-vue-ubm	scm-vue-all/scm-vue-ubm/src/router/index.js:94	scm-vue-all/scm-vue-ubm/src/views/PostMgt/addOrEdit.vue
/basicMgmt/postMgt/relation	scm-vue-all/scm-vue-ubm	scm-vue-all/scm-vue-ubm/src/router/index.js:99	scm-vue-all/scm-vue-ubm/src/views/PostMgt/RelationPostOrRole.vue
/basicMgmt/resourceMgt	scm-vue-all/scm-vue-ubm	scm-vue-all/scm-vue-ubm/src/router/index.js:23	
/basicMgmt/resourceMgt/add	scm-vue-all/scm-vue-ubm	scm-vue-all/scm-vue-ubm/src/router/index.js:28	scm-vue-all/scm-vue-ubm/src/views/resourceMgt/addOrEdit.vue
/basicMgmt/resourceMgt/authorize	scm-vue-all/scm-vue-ubm	scm-vue-all/scm-vue-ubm/src/router/index.js:33	scm-vue-all/scm-vue-ubm/src/views/resourceMgt/authorize.vue
/basicMgmt/roleMgt	scm-vue-all/scm-vue-ubm	scm-vue-all/scm-vue-ubm/src/router/index.js:40	
/basicMgmt/roleMgt/Authorization	scm-vue-all/scm-vue-ubm	scm-vue-all/scm-vue-ubm/src/router/index.js:45	
/basicMgmt/roleMgt/roleMgtAdd	scm-vue-all/scm-vue-ubm	scm-vue-all/scm-vue-ubm/src/router/index.js:50	
/basicMgmt/userMgt	scm-vue-all/scm-vue-ubm	scm-vue-all/scm-vue-ubm/src/router/index.js:110	
/basicMgmt/userMgt/AssociatedOrganization	scm-vue-all/scm-vue-ubm	scm-vue-all/scm-vue-ubm/src/router/index.js:130	
/basicMgmt/userMgt/AssociatedPosition	scm-vue-all/scm-vue-ubm	scm-vue-all/scm-vue-ubm/src/router/index.js:125	
/basicMgmt/userMgt/AuthorizationList	scm-vue-all/scm-vue-ubm	scm-vue-all/scm-vue-ubm/src/router/index.js:120	
/basicMgmt/userMgt/ChangePassword	scm-vue-all/scm-vue-ubm	scm-vue-all/scm-vue-ubm/src/router/index.js:135	
/basicMgmt/userMgt/addOrEdit	scm-vue-all/scm-vue-ubm	scm-vue-all/scm-vue-ubm/src/router/index.js:115	
/basicMgmt/userMgt/authorize	scm-vue-all/scm-vue-ubm	scm-vue-all/scm-vue-ubm/src/router/index.js:140	
/materialMgt	scm-vue-all/scm-vue-ubm	scm-vue-all/scm-vue-ubm/src/router/index.js:163	
/materialMgt/detail	scm-vue-all/scm-vue-ubm	scm-vue-all/scm-vue-ubm/src/router/index.js:168	
/	scm-vue-all/scm-vue-user-supplier	scm-vue-all/scm-vue-user-supplier/src/router/index.js:8	scm-vue-all/scm-vue-user-supplier/src/views/Home.vue
/userSupplier/bypassAccountMgt	scm-vue-all/scm-vue-user-supplier	scm-vue-all/scm-vue-user-supplier/src/router/index.js:22	scm-vue-all/scm-vue-user-supplier/src/views/bypassAccountMgt/list.vue
/userSupplier/bypassAccountMgt/newBypassAccount/:subaccountId?	scm-vue-all/scm-vue-user-supplier	scm-vue-all/scm-vue-user-supplier/src/router/index.js:28	scm-vue-all/scm-vue-user-supplier/src/views/bypassAccountMgt/newBypassAccount.vue
/userSupplier/personalInfoMain	scm-vue-all/scm-vue-user-supplier	scm-vue-all/scm-vue-user-supplier/src/router/index.js:15	scm-vue-all/scm-vue-user-supplier/src/views/personalInfoMain/index.vue
/	scm-vue-all/scm-vue-vmp	scm-vue-all/scm-vue-vmp/src/router/index.js:9	scm-vue-all/scm-vue-vmp/src/views/Home.vue
/SupplierAccess/addPS1	scm-vue-all/scm-vue-vmp	scm-vue-all/scm-vue-vmp/src/router/index.js:126	scm-vue-all/scm-vue-vmp/src/views/SupplierAccess/productList/addProductList_s1.vue
/SupplierAccess/addPS2	scm-vue-all/scm-vue-vmp	scm-vue-all/scm-vue-vmp/src/router/index.js:132	scm-vue-all/scm-vue-vmp/src/views/SupplierAccess/productList/addProductList_s2.vue
/SupplierAccess/addProductList	scm-vue-all/scm-vue-vmp	scm-vue-all/scm-vue-vmp/src/router/index.js:144	scm-vue-all/scm-vue-vmp/src/views/SupplierAccess/productList/addProductList.vue
/SupplierAccess/addServiceRelation	scm-vue-all/scm-vue-vmp	scm-vue-all/scm-vue-vmp/src/router/index.js:78	scm-vue-all/scm-vue-vmp/src/views/SupplierAccess/serviceRelation/addServiceRelation.vue
/SupplierAccess/detailServiceRelation	scm-vue-all/scm-vue-vmp	scm-vue-all/scm-vue-vmp/src/router/index.js:84	scm-vue-all/scm-vue-vmp/src/views/SupplierAccess/serviceRelation/detailServiceRelation.vue
/SupplierAccess/detailSubServiceRelation	scm-vue-all/scm-vue-vmp	scm-vue-all/scm-vue-vmp/src/router/index.js:96	scm-vue-all/scm-vue-vmp/src/views/SupplierAccess/serviceRelation/detailSubServiceRelation.vue
/SupplierAccess/detailSupplier	scm-vue-all/scm-vue-vmp	scm-vue-all/scm-vue-vmp/src/router/index.js:114	scm-vue-all/scm-vue-vmp/src/views/SupplierAccess/detailSupplier/index.vue
/SupplierAccess/formalApply	scm-vue-all/scm-vue-vmp	scm-vue-all/scm-vue-vmp/src/router/index.js:108	scm-vue-all/scm-vue-vmp/src/views/SupplierAccess/formalApply/index.vue
/SupplierAccess/productList	scm-vue-all/scm-vue-vmp	scm-vue-all/scm-vue-vmp/src/router/index.js:120	scm-vue-all/scm-vue-vmp/src/views/SupplierAccess/productList/index.vue
/SupplierAccess/productListView	scm-vue-all/scm-vue-vmp	scm-vue-all/scm-vue-vmp/src/router/index.js:138	scm-vue-all/scm-vue-vmp/src/views/SupplierAccess/productList/productList_view.vue
/SupplierAccess/registerSimple	scm-vue-all/scm-vue-vmp	scm-vue-all/scm-vue-vmp/src/router/index.js:66	scm-vue-all/scm-vue-vmp/src/views/SupplierAccess/registerSimple/index.vue
/SupplierAccess/serviceRelation	scm-vue-all/scm-vue-vmp	scm-vue-all/scm-vue-vmp/src/router/index.js:72	scm-vue-all/scm-vue-vmp/src/views/SupplierAccess/serviceRelation/index.vue
/SupplierAccess/subServiceRelation	scm-vue-all/scm-vue-vmp	scm-vue-all/scm-vue-vmp/src/router/index.js:90	scm-vue-all/scm-vue-vmp/src/views/SupplierAccess/serviceRelation/subServiceRelation.vue
/SupplierAccess/supplierApplyList	scm-vue-all/scm-vue-vmp	scm-vue-all/scm-vue-vmp/src/router/index.js:102	scm-vue-all/scm-vue-vmp/src/views/SupplierAccess/supplierApplyList/index.vue
/evaluation/appealDetail	scm-vue-all/scm-vue-vmp	scm-vue-all/scm-vue-vmp/src/router/index.js:276	scm-vue-all/scm-vue-vmp/src/views/SupplierEvaluation/appealDetail.vue
/evaluation/appealList	scm-vue-all/scm-vue-vmp	scm-vue-all/scm-vue-vmp/src/router/index.js:270	scm-vue-all/scm-vue-vmp/src/views/SupplierEvaluation/appealList.vue
/evaluation/appealOpration	scm-vue-all/scm-vue-vmp	scm-vue-all/scm-vue-vmp/src/router/index.js:282	scm-vue-all/scm-vue-vmp/src/views/SupplierEvaluation/appealOpration.vue
/evaluation/detail	scm-vue-all/scm-vue-vmp	scm-vue-all/scm-vue-vmp/src/router/index.js:257	scm-vue-all/scm-vue-vmp/src/views/SupplierEvaluation/detail.vue
/evaluation/list	scm-vue-all/scm-vue-vmp	scm-vue-all/scm-vue-vmp/src/router/index.js:251	scm-vue-all/scm-vue-vmp/src/views/SupplierEvaluation/list.vue
/evaluation/opration	scm-vue-all/scm-vue-vmp	scm-vue-all/scm-vue-vmp/src/router/index.js:263	scm-vue-all/scm-vue-vmp/src/views/SupplierEvaluation/evaluate.vue
/protocolAgent/detail	scm-vue-all/scm-vue-vmp	scm-vue-all/scm-vue-vmp/src/router/index.js:238	scm-vue-all/scm-vue-vmp/src/views/ProtocolAgent/detail.vue
/protocolAgent/list	scm-vue-all/scm-vue-vmp	scm-vue-all/scm-vue-vmp/src/router/index.js:233	scm-vue-all/scm-vue-vmp/src/views/ProtocolAgent/index.vue
/protocolAgent/maintain	scm-vue-all/scm-vue-vmp	scm-vue-all/scm-vue-vmp/src/router/index.js:243	scm-vue-all/scm-vue-vmp/src/views/ProtocolAgent/maintain.vue
/supplierAudit/list	scm-vue-all/scm-vue-vmp	scm-vue-all/scm-vue-vmp/src/router/index.js:17	scm-vue-all/scm-vue-vmp/src/views/supplierAudit/index.vue
/supplierAudit/list/supplierAuditForm	scm-vue-all/scm-vue-vmp	scm-vue-all/scm-vue-vmp/src/router/index.js:23	scm-vue-all/scm-vue-vmp/src/views/supplierAudit/supplierAuditForm.vue
/supplierFile/ContractorPerson	scm-vue-all/scm-vue-vmp	scm-vue-all/scm-vue-vmp/src/router/index.js:153	scm-vue-all/scm-vue-vmp/src/views/supplierFile/ContractorPerson/index.vue
/supplierFile/addContractorPerson	scm-vue-all/scm-vue-vmp	scm-vue-all/scm-vue-vmp/src/router/index.js:159	scm-vue-all/scm-vue-vmp/src/views/supplierFile/ContractorPerson/addContractorPerson.vue
/supplierFile/addSubcontractor	scm-vue-all/scm-vue-vmp	scm-vue-all/scm-vue-vmp/src/router/index.js:195	scm-vue-all/scm-vue-vmp/src/views/supplierFile/supplierSubcontractor/addSubcontractor.vue
/supplierFile/addSupplierLinkman	scm-vue-all/scm-vue-vmp	scm-vue-all/scm-vue-vmp/src/router/index.js:177	scm-vue-all/scm-vue-vmp/src/views/supplierFile/supplierLinkman/addSupplierLinkman.vue
/supplierFile/detailContractorPerson	scm-vue-all/scm-vue-vmp	scm-vue-all/scm-vue-vmp/src/router/index.js:165	scm-vue-all/scm-vue-vmp/src/views/supplierFile/ContractorPerson/detailContractorPerson.vue
/supplierFile/detailSubcontractor	scm-vue-all/scm-vue-vmp	scm-vue-all/scm-vue-vmp/src/router/index.js:201	scm-vue-all/scm-vue-vmp/src/views/supplierFile/supplierSubcontractor/detailSubcontractor.vue
/supplierFile/detailSupplier	scm-vue-all/scm-vue-vmp	scm-vue-all/scm-vue-vmp/src/router/index.js:225	scm-vue-all/scm-vue-vmp/src/views/supplierFile/detailSupplier/index.vue
/supplierFile/detailSupplierLinkman	scm-vue-all/scm-vue-vmp	scm-vue-all/scm-vue-vmp/src/router/index.js:183	scm-vue-all/scm-vue-vmp/src/views/supplierFile/supplierLinkman/detailSupplierLinkman.vue
/supplierFile/editSupplier	scm-vue-all/scm-vue-vmp	scm-vue-all/scm-vue-vmp/src/router/index.js:207	scm-vue-all/scm-vue-vmp/src/views/supplierFile/editSupplier/index.vue
/supplierFile/editSupplier/editSupplierFile	scm-vue-all/scm-vue-vmp	scm-vue-all/scm-vue-vmp/src/router/index.js:219	scm-vue-all/scm-vue-vmp/src/views/supplierFile/editSupplierFile/index.vue
/supplierFile/editSupplier/editTitle	scm-vue-all/scm-vue-vmp	scm-vue-all/scm-vue-vmp/src/router/index.js:213	scm-vue-all/scm-vue-vmp/src/views/supplierFile/editSupplier/editTitle.vue
/supplierFile/supplierLinkman	scm-vue-all/scm-vue-vmp	scm-vue-all/scm-vue-vmp/src/router/index.js:171	scm-vue-all/scm-vue-vmp/src/views/supplierFile/supplierLinkman/index.vue
/supplierFile/supplierSubcontractor	scm-vue-all/scm-vue-vmp	scm-vue-all/scm-vue-vmp/src/router/index.js:189	scm-vue-all/scm-vue-vmp/src/views/supplierFile/supplierSubcontractor/index.vue
/supplierStopEnable/list	scm-vue-all/scm-vue-vmp	scm-vue-all/scm-vue-vmp/src/router/index.js:31	scm-vue-all/scm-vue-vmp/src/views/supplierStopEnable/index.vue
/supplierStopEnable/stopDetail	scm-vue-all/scm-vue-vmp	scm-vue-all/scm-vue-vmp/src/router/index.js:56	scm-vue-all/scm-vue-vmp/src/views/supplierStopEnable/stopDetail.vue
/supplierStopEnable/supplierFreezingThaw	scm-vue-all/scm-vue-vmp	scm-vue-all/scm-vue-vmp/src/router/index.js:38	scm-vue-all/scm-vue-vmp/src/views/supplierStopEnable/supplierFreezingThaw.vue
/supplierStopEnable/supplierThawing	scm-vue-all/scm-vue-vmp	scm-vue-all/scm-vue-vmp/src/router/index.js:44	scm-vue-all/scm-vue-vmp/src/views/supplierStopEnable/supplierThawing.vue
/supplierStopEnable/supplierThawingDetail	scm-vue-all/scm-vue-vmp	scm-vue-all/scm-vue-vmp/src/router/index.js:50	scm-vue-all/scm-vue-vmp/src/views/supplierStopEnable/supplierThawingDetail.vue
/	scm-vue-all/scm-vue-workbench	scm-vue-all/scm-vue-workbench/src/router/index.js:8	scm-vue-all/scm-vue-workbench/src/views/Home.vue
